codauto,ccaa.shortname.es,cpro,prov.shortname.es,LAU_CODE,LAU_CODE_NUM,name,datetime,url
7,Castilla y León,9,Burgos,09056,9056,Briviesca,2022-02-28 15:13:19 CET,https://twitter.com/hashtag/spainmunic09056
2,Aragón,22,Huesca,22099,22099,Esplús,2022-02-28 15:37:29 CET,https://twitter.com/hashtag/spainmunic22099
7,Castilla y León,9,Burgos,09228,9228,Moradillo De Roa,2022-02-28 15:38:50 CET,https://twitter.com/hashtag/spainmunic09228
5,Canarias,38,Santa Cruz de Tenerife,38034,38034,San José,2022-02-28 15:39:42 CET,https://twitter.com/hashtag/spainmunic38034
1,Andalucía,18,Granada,18097,18097,Huéneja,2022-02-28 15:40:47 CET,https://twitter.com/hashtag/spainmunic18097
5,Canarias,38,Santa Cruz de Tenerife,38051,38051,La Victoria De Acentejo,2022-02-28 15:51:32 CET,https://twitter.com/hashtag/spainmunic38051
9,Cataluña,43,Tarragona,43059,43059,Figuerola Del Camp,2022-02-28 15:52:03 CET,https://twitter.com/hashtag/spainmunic43059
7,Castilla y León,49,Zamora,49241,49241,Villaescusa,2022-02-28 15:52:35 CET,https://twitter.com/hashtag/spainmunic49241
3,Asturias,33,Asturias,33063,33063,O Chao,2022-02-28 16:26:12 CET,https://twitter.com/hashtag/spainmunic33063
7,Castilla y León,24,León,24193,24193,La Vecilla,2022-02-28 16:26:40 CET,https://twitter.com/hashtag/spainmunic24193
8,Castilla-La Mancha,19,Guadalajara,19187,19187,Miralrío,2022-02-28 16:27:12 CET,https://twitter.com/hashtag/spainmunic19187
10,Comunidad Valenciana,12,Castellón,12092,12092,Puebla De Arenoso,2022-02-28 16:51:41 CET,https://twitter.com/hashtag/spainmunic12092
10,Comunidad Valenciana,46,Valencia,46234,46234,Sot De Chera,2022-02-28 16:52:09 CET,https://twitter.com/hashtag/spainmunic46234
8,Castilla-La Mancha,45,Toledo,45089,45089,Malpica De Tajo,2022-02-28 16:52:37 CET,https://twitter.com/hashtag/spainmunic45089
7,Castilla y León,24,León,24049,24049,Castropodame,2022-02-28 17:40:38 CET,https://twitter.com/hashtag/spainmunic24049
1,Andalucía,23,Jaén,23050,23050,Jaén,2022-02-28 17:41:35 CET,https://twitter.com/hashtag/spainmunic23050
7,Castilla y León,37,Salamanca,37193,37193,Miranda Del Castañar,2022-02-28 17:42:16 CET,https://twitter.com/hashtag/spainmunic37193
17,La Rioja,26,La Rioja,26042,26042,Casalarreina,2022-02-28 18:02:47 CET,https://twitter.com/hashtag/spainmunic26042
2,Aragón,22,Huesca,22188,22188,Puente De Montañana,2022-02-28 18:03:20 CET,https://twitter.com/hashtag/spainmunic22188
7,Castilla y León,34,Palencia,34228,34228,Villanuño De Valdavia,2022-02-28 18:03:50 CET,https://twitter.com/hashtag/spainmunic34228
7,Castilla y León,37,Salamanca,37221,37221,Navasfrías,2022-02-28 18:51:52 CET,https://twitter.com/hashtag/spainmunic37221
1,Andalucía,29,Málaga,29054,29054,Fuengirola,2022-02-28 18:52:36 CET,https://twitter.com/hashtag/spainmunic29054
1,Andalucía,4,Almería,04097,4097,Velefique,2022-02-28 18:53:07 CET,https://twitter.com/hashtag/spainmunic04097
9,Cataluña,25,Lérida,25113,25113,Ivars d'Urgell,2022-02-28 19:30:15 CET,https://twitter.com/hashtag/spainmunic25113
4,Baleares,7,Baleares,07016,7016,Consell,2022-02-28 19:30:47 CET,https://twitter.com/hashtag/spainmunic07016
10,Comunidad Valenciana,3,Alicante,03001,3001,l'Atzúbia,2022-02-28 19:31:15 CET,https://twitter.com/hashtag/spainmunic03001
9,Cataluña,25,Lérida,25135,25135,Miralcamp,2022-02-28 19:53:09 CET,https://twitter.com/hashtag/spainmunic25135
1,Andalucía,18,Granada,18103,18103,Ítrabo,2022-02-28 19:53:40 CET,https://twitter.com/hashtag/spainmunic18103
9,Cataluña,8,Barcelona,08904,8904,Badia Del Vallès,2022-02-28 19:54:12 CET,https://twitter.com/hashtag/spainmunic08904
7,Castilla y León,40,Segovia,40024,40024,Ayllón,2022-02-28 20:23:44 CET,https://twitter.com/hashtag/spainmunic40024
1,Andalucía,4,Almería,04090,4090,Tahal,2022-02-28 20:24:18 CET,https://twitter.com/hashtag/spainmunic04090
17,La Rioja,26,La Rioja,26103,26103,Nalda,2022-02-28 20:24:51 CET,https://twitter.com/hashtag/spainmunic26103
2,Aragón,22,Huesca,22102,22102,Estada,2022-02-28 20:35:57 CET,https://twitter.com/hashtag/spainmunic22102
7,Castilla y León,9,Burgos,09014,9014,Dobro,2022-02-28 20:36:31 CET,https://twitter.com/hashtag/spainmunic09014
9,Cataluña,25,Lérida,25033,25033,Artesa De Lleida,2022-02-28 20:37:03 CET,https://twitter.com/hashtag/spainmunic25033
7,Castilla y León,5,Ávila,05060,5060,Cisla,2022-02-28 20:56:13 CET,https://twitter.com/hashtag/spainmunic05060
7,Castilla y León,40,Segovia,40001,40001,Abades,2022-02-28 20:56:49 CET,https://twitter.com/hashtag/spainmunic40001
7,Castilla y León,42,Soria,42086,42086,Fuentecambrón,2022-02-28 20:57:29 CET,https://twitter.com/hashtag/spainmunic42086
10,Comunidad Valenciana,3,Alicante,03014,3014,Alicante,2022-02-28 21:26:47 CET,https://twitter.com/hashtag/spainmunic03014
7,Castilla y León,37,Salamanca,37082,37082,Cantalpino,2022-02-28 21:27:15 CET,https://twitter.com/hashtag/spainmunic37082
2,Aragón,44,Teruel,44181,44181,Peralejos,2022-02-28 21:27:41 CET,https://twitter.com/hashtag/spainmunic44181
7,Castilla y León,9,Burgos,09141,9141,Fuentespina,2022-02-28 21:51:16 CET,https://twitter.com/hashtag/spainmunic09141
7,Castilla y León,40,Segovia,40201,40201,Tolocirio,2022-02-28 21:51:45 CET,https://twitter.com/hashtag/spainmunic40201
11,Extremadura,6,Badajoz,06143,6143,Valverde De Leganés,2022-02-28 21:52:18 CET,https://twitter.com/hashtag/spainmunic06143
7,Castilla y León,34,Palencia,34042,34042,Calzada De Los Molinos,2022-02-28 22:31:47 CET,https://twitter.com/hashtag/spainmunic34042
8,Castilla-La Mancha,45,Toledo,45184,45184,Las Ventas De San Julián,2022-02-28 22:32:16 CET,https://twitter.com/hashtag/spainmunic45184
7,Castilla y León,40,Segovia,40230,40230,Villeguillo,2022-02-28 22:32:47 CET,https://twitter.com/hashtag/spainmunic40230
10,Comunidad Valenciana,46,Valencia,46050,46050,Benagéber,2022-02-28 22:51:08 CET,https://twitter.com/hashtag/spainmunic46050
7,Castilla y León,9,Burgos,09396,9396,Tubilla Del Lago,2022-02-28 22:51:34 CET,https://twitter.com/hashtag/spainmunic09396
10,Comunidad Valenciana,46,Valencia,46189,46189,El Palomar,2022-02-28 22:51:59 CET,https://twitter.com/hashtag/spainmunic46189
7,Castilla y León,37,Salamanca,37315,37315,La Tala,2022-02-28 23:27:47 CET,https://twitter.com/hashtag/spainmunic37315
7,Castilla y León,37,Salamanca,37114,37114,Chagarcía Medianero,2022-02-28 23:28:16 CET,https://twitter.com/hashtag/spainmunic37114
9,Cataluña,17,Gerona,17069,17069,El Vilar d'Urtx,2022-02-28 23:28:49 CET,https://twitter.com/hashtag/spainmunic17069
1,Andalucía,41,Sevilla,41089,41089,Santiponce,2022-02-28 23:51:31 CET,https://twitter.com/hashtag/spainmunic41089
7,Castilla y León,47,Valladolid,47178,47178,Urueña,2022-02-28 23:52:01 CET,https://twitter.com/hashtag/spainmunic47178
7,Castilla y León,37,Salamanca,37272,37272,Saelices El Chico,2022-02-28 23:52:31 CET,https://twitter.com/hashtag/spainmunic37272
7,Castilla y León,24,León,24151,24151,Santa Colomba De Curueño,2022-03-01 00:51:37 CET,https://twitter.com/hashtag/spainmunic24151
9,Cataluña,43,Tarragona,43075,43075,Margalef,2022-03-01 00:52:07 CET,https://twitter.com/hashtag/spainmunic43075
7,Castilla y León,24,León,24207,24207,Villademor De La Vega,2022-03-01 00:52:35 CET,https://twitter.com/hashtag/spainmunic24207
13,Madrid,28,Madrid,28038,28038,Cercedilla,2022-03-01 02:41:12 CET,https://twitter.com/hashtag/spainmunic28038
7,Castilla y León,9,Burgos,09251,9251,Pancorbo,2022-03-01 02:41:44 CET,https://twitter.com/hashtag/spainmunic09251
2,Aragón,22,Huesca,22076,22076,Berdún,2022-03-01 02:42:15 CET,https://twitter.com/hashtag/spainmunic22076
7,Castilla y León,40,Segovia,40037,40037,Calabazas De Fuentidueña,2022-03-01 03:38:08 CET,https://twitter.com/hashtag/spainmunic40037
7,Castilla y León,34,Palencia,34012,34012,Antigüedad,2022-03-01 03:38:37 CET,https://twitter.com/hashtag/spainmunic34012
17,La Rioja,26,La Rioja,26039,26039,Canillas De Río Tuerto,2022-03-01 03:39:03 CET,https://twitter.com/hashtag/spainmunic26039
12,Galicia,27,Lugo,27012,27012,San Román,2022-03-01 04:10:04 CET,https://twitter.com/hashtag/spainmunic27012
7,Castilla y León,42,Soria,42042,42042,Buitrago,2022-03-01 04:10:43 CET,https://twitter.com/hashtag/spainmunic42042
7,Castilla y León,9,Burgos,09437,9437,Villahoz,2022-03-01 04:11:20 CET,https://twitter.com/hashtag/spainmunic09437
2,Aragón,44,Teruel,44197,44197,Ródenas,2022-03-01 04:39:42 CET,https://twitter.com/hashtag/spainmunic44197
8,Castilla-La Mancha,19,Guadalajara,19307,19307,Valdesotos,2022-03-01 04:40:15 CET,https://twitter.com/hashtag/spainmunic19307
4,Baleares,7,Baleares,07047,7047,Sencelles,2022-03-01 04:40:46 CET,https://twitter.com/hashtag/spainmunic07047
7,Castilla y León,42,Soria,42167,42167,Santa María De Huerta,2022-03-01 04:57:26 CET,https://twitter.com/hashtag/spainmunic42167
11,Extremadura,10,Cáceres,10014,10014,Aldeanueva De La Vera,2022-03-01 04:58:01 CET,https://twitter.com/hashtag/spainmunic10014
7,Castilla y León,24,León,24213,24213,Villamartín De Don Sancho,2022-03-01 04:58:42 CET,https://twitter.com/hashtag/spainmunic24213
7,Castilla y León,34,Palencia,34189,34189,Valdeolmillos,2022-03-01 05:31:37 CET,https://twitter.com/hashtag/spainmunic34189
1,Andalucía,41,Sevilla,41059,41059,Mairena Del Aljarafe,2022-03-01 05:32:18 CET,https://twitter.com/hashtag/spainmunic41059
7,Castilla y León,34,Palencia,34113,34113,Olea De Boedo,2022-03-01 05:32:49 CET,https://twitter.com/hashtag/spainmunic34113
11,Extremadura,10,Cáceres,10118,10118,Mata De Alcántara,2022-03-01 06:22:24 CET,https://twitter.com/hashtag/spainmunic10118
10,Comunidad Valenciana,3,Alicante,03059,3059,Crevillent,2022-03-01 06:23:10 CET,https://twitter.com/hashtag/spainmunic03059
8,Castilla-La Mancha,45,Toledo,45111,45111,Navalmoralejo,2022-03-01 06:23:39 CET,https://twitter.com/hashtag/spainmunic45111
12,Galicia,27,Lugo,27058,27058,Escairón,2022-03-01 06:38:53 CET,https://twitter.com/hashtag/spainmunic27058
7,Castilla y León,42,Soria,42182,42182,Taroda,2022-03-01 06:39:25 CET,https://twitter.com/hashtag/spainmunic42182
2,Aragón,22,Huesca,22009,22009,Albelda,2022-03-01 06:40:02 CET,https://twitter.com/hashtag/spainmunic22009
13,Madrid,28,Madrid,28012,28012,Anchuelo,2022-03-01 07:29:45 CET,https://twitter.com/hashtag/spainmunic28012
10,Comunidad Valenciana,46,Valencia,46214,46214,Riba-Roja De Túria,2022-03-01 07:30:22 CET,https://twitter.com/hashtag/spainmunic46214
7,Castilla y León,24,León,24087,24087,Laguna Dalga,2022-03-01 07:30:51 CET,https://twitter.com/hashtag/spainmunic24087
7,Castilla y León,49,Zamora,49149,49149,Peñausende,2022-03-01 07:54:19 CET,https://twitter.com/hashtag/spainmunic49149
1,Andalucía,23,Jaén,23034,23034,Fuensanta De Martos,2022-03-01 07:54:49 CET,https://twitter.com/hashtag/spainmunic23034
7,Castilla y León,9,Burgos,09010,9010,Alcocero De Mola,2022-03-01 07:55:17 CET,https://twitter.com/hashtag/spainmunic09010
1,Andalucía,41,Sevilla,41047,41047,Gines,2022-03-01 08:50:36 CET,https://twitter.com/hashtag/spainmunic41047
13,Madrid,28,Madrid,28160,28160,Valdemorillo,2022-03-01 08:51:19 CET,https://twitter.com/hashtag/spainmunic28160
9,Cataluña,8,Barcelona,08128,8128,Monistrol De Calders,2022-03-01 08:51:56 CET,https://twitter.com/hashtag/spainmunic08128
7,Castilla y León,40,Segovia,40195,40195,Sepúlveda,2022-03-01 08:56:41 CET,https://twitter.com/hashtag/spainmunic40195
2,Aragón,50,Zaragoza,50280,50280,Vera De Moncayo,2022-03-01 08:57:14 CET,https://twitter.com/hashtag/spainmunic50280
8,Castilla-La Mancha,19,Guadalajara,19297,19297,Valdarachas,2022-03-01 08:57:46 CET,https://twitter.com/hashtag/spainmunic19297
1,Andalucía,29,Málaga,29066,29066,Macharaviaya,2022-03-01 09:33:23 CET,https://twitter.com/hashtag/spainmunic29066
8,Castilla-La Mancha,19,Guadalajara,19191,19191,Monasterio,2022-03-01 09:33:57 CET,https://twitter.com/hashtag/spainmunic19191
10,Comunidad Valenciana,46,Valencia,46131,46131,Gandia,2022-03-01 09:35:01 CET,https://twitter.com/hashtag/spainmunic46131
8,Castilla-La Mancha,13,Ciudad Real,13078,13078,Socuéllamos,2022-03-01 09:52:05 CET,https://twitter.com/hashtag/spainmunic13078
6,Cantabria,39,Cantabria,39028,39028,Entrambasaguas,2022-03-01 09:52:37 CET,https://twitter.com/hashtag/spainmunic39028
7,Castilla y León,9,Burgos,09059,9059,Burgos,2022-03-01 09:53:33 CET,https://twitter.com/hashtag/spainmunic09059
9,Cataluña,43,Tarragona,43028,43028,La Bisbal Del Penedès,2022-03-01 10:27:07 CET,https://twitter.com/hashtag/spainmunic43028
7,Castilla y León,37,Salamanca,37077,37077,El Campo De Peñaranda,2022-03-01 10:27:47 CET,https://twitter.com/hashtag/spainmunic37077
11,Extremadura,10,Cáceres,10117,10117,Marchagaz,2022-03-01 10:28:25 CET,https://twitter.com/hashtag/spainmunic10117
11,Extremadura,10,Cáceres,10113,10113,Madroñera,2022-03-01 10:55:08 CET,https://twitter.com/hashtag/spainmunic10113
1,Andalucía,29,Málaga,29008,29008,Alhaurín El Grande,2022-03-01 10:56:10 CET,https://twitter.com/hashtag/spainmunic29008
7,Castilla y León,37,Salamanca,37012,37012,Alconada,2022-03-01 10:56:45 CET,https://twitter.com/hashtag/spainmunic37012
8,Castilla-La Mancha,16,Cuenca,16063,16063,Casas De Guijarro,2022-03-01 11:27:30 CET,https://twitter.com/hashtag/spainmunic16063
10,Comunidad Valenciana,46,Valencia,46186,46186,Paiporta,2022-03-01 11:28:01 CET,https://twitter.com/hashtag/spainmunic46186
7,Castilla y León,37,Salamanca,37330,37330,Valdecarros,2022-03-01 11:28:29 CET,https://twitter.com/hashtag/spainmunic37330
13,Madrid,28,Madrid,28036,28036,Casarrubuelos,2022-03-01 11:51:56 CET,https://twitter.com/hashtag/spainmunic28036
7,Castilla y León,24,León,24038,24038,Carracedelo,2022-03-01 11:52:32 CET,https://twitter.com/hashtag/spainmunic24038
1,Andalucía,14,Córdoba,14039,14039,Luque,2022-03-01 11:53:05 CET,https://twitter.com/hashtag/spainmunic14039
7,Castilla y León,9,Burgos,09476,9476,Villoruebo,2022-03-01 12:35:38 CET,https://twitter.com/hashtag/spainmunic09476
7,Castilla y León,49,Zamora,49132,49132,Moreruela De Los Infanzones,2022-03-01 12:36:09 CET,https://twitter.com/hashtag/spainmunic49132
9,Cataluña,25,Lérida,25156,25156,Os De Balaguer,2022-03-01 12:36:38 CET,https://twitter.com/hashtag/spainmunic25156
8,Castilla-La Mancha,16,Cuenca,16157,16157,La Pesquera,2022-03-01 12:51:30 CET,https://twitter.com/hashtag/spainmunic16157
9,Cataluña,8,Barcelona,08169,8169,El Prat De Llobregat,2022-03-01 12:52:04 CET,https://twitter.com/hashtag/spainmunic08169
14,Murcia,30,Murcia,30016,30016,Cartagena,2022-03-01 12:53:15 CET,https://twitter.com/hashtag/spainmunic30016
7,Castilla y León,37,Salamanca,37248,37248,Peralejos De Abajo,2022-03-01 13:43:55 CET,https://twitter.com/hashtag/spainmunic37248
8,Castilla-La Mancha,45,Toledo,45006,45006,Alcaudete De La Jara,2022-03-01 13:44:32 CET,https://twitter.com/hashtag/spainmunic45006
12,Galicia,15,La Coruña,15052,15052,Muxía,2022-03-01 13:45:09 CET,https://twitter.com/hashtag/spainmunic15052
7,Castilla y León,24,León,24010,24010,La Bañeza,2022-03-01 14:08:39 CET,https://twitter.com/hashtag/spainmunic24010
11,Extremadura,10,Cáceres,10168,10168,Santa Marta De Magasca,2022-03-01 14:09:13 CET,https://twitter.com/hashtag/spainmunic10168
9,Cataluña,25,Lérida,25204,25204,Seròs,2022-03-01 14:09:48 CET,https://twitter.com/hashtag/spainmunic25204
1,Andalucía,21,Huelva,21013,21013,Bollullos Par Del Condado,2022-03-01 14:51:50 CET,https://twitter.com/hashtag/spainmunic21013
8,Castilla-La Mancha,19,Guadalajara,19121,19121,Fuentelencina,2022-03-01 14:52:20 CET,https://twitter.com/hashtag/spainmunic19121
7,Castilla y León,47,Valladolid,47116,47116,Pesquera De Duero,2022-03-01 14:52:53 CET,https://twitter.com/hashtag/spainmunic47116
11,Extremadura,6,Badajoz,06111,6111,Rena,2022-03-01 15:23:47 CET,https://twitter.com/hashtag/spainmunic06111
11,Extremadura,6,Badajoz,06140,6140,Valencia Del Mombuey,2022-03-01 15:24:20 CET,https://twitter.com/hashtag/spainmunic06140
1,Andalucía,21,Huelva,21052,21052,Nerva,2022-03-01 15:25:01 CET,https://twitter.com/hashtag/spainmunic21052
7,Castilla y León,42,Soria,42168,42168,Santa María De Las Hoyas,2022-03-01 15:37:58 CET,https://twitter.com/hashtag/spainmunic42168
11,Extremadura,10,Cáceres,10091,10091,Guijo De Santa Bárbara,2022-03-01 15:38:27 CET,https://twitter.com/hashtag/spainmunic10091
7,Castilla y León,34,Palencia,34233,34233,Villasarracino,2022-03-01 15:38:53 CET,https://twitter.com/hashtag/spainmunic34233
2,Aragón,44,Teruel,44061,44061,La Cañada De Verich,2022-03-01 15:51:40 CET,https://twitter.com/hashtag/spainmunic44061
1,Andalucía,18,Granada,18185,18185,Ventas De Huelma,2022-03-01 15:52:12 CET,https://twitter.com/hashtag/spainmunic18185
11,Extremadura,10,Cáceres,10152,10152,Pozuelo De Zarzón,2022-03-01 15:52:40 CET,https://twitter.com/hashtag/spainmunic10152
3,Asturias,33,Asturias,33006,33006,Martimporra,2022-03-01 16:52:16 CET,https://twitter.com/hashtag/spainmunic33006
9,Cataluña,8,Barcelona,08290,8290,Ullastrell,2022-03-01 16:52:52 CET,https://twitter.com/hashtag/spainmunic08290
1,Andalucía,4,Almería,04023,4023,Beires,2022-03-01 16:53:27 CET,https://twitter.com/hashtag/spainmunic04023
12,Galicia,36,Pontevedra,36056,36056,Ponte Valga,2022-03-01 17:38:31 CET,https://twitter.com/hashtag/spainmunic36056
10,Comunidad Valenciana,3,Alicante,03036,3036,Benillup,2022-03-01 17:39:00 CET,https://twitter.com/hashtag/spainmunic03036
8,Castilla-La Mancha,19,Guadalajara,19059,19059,Campillo De Dueñas,2022-03-01 17:39:31 CET,https://twitter.com/hashtag/spainmunic19059
10,Comunidad Valenciana,46,Valencia,46117,46117,Emperador,2022-03-01 18:01:45 CET,https://twitter.com/hashtag/spainmunic46117
9,Cataluña,25,Lérida,25070,25070,Castellserà,2022-03-01 18:02:16 CET,https://twitter.com/hashtag/spainmunic25070
9,Cataluña,8,Barcelona,08246,8246,Santa Eugènia De Berga,2022-03-01 18:02:51 CET,https://twitter.com/hashtag/spainmunic08246
7,Castilla y León,37,Salamanca,37321,37321,Tenebrón,2022-03-01 18:30:07 CET,https://twitter.com/hashtag/spainmunic37321
9,Cataluña,43,Tarragona,43146,43146,Senan,2022-03-01 18:30:38 CET,https://twitter.com/hashtag/spainmunic43146
5,Canarias,38,Santa Cruz de Tenerife,38033,38033,Los Sauces,2022-03-01 18:31:10 CET,https://twitter.com/hashtag/spainmunic38033
10,Comunidad Valenciana,3,Alicante,03070,3070,Formentera Del Segura,2022-03-01 18:51:44 CET,https://twitter.com/hashtag/spainmunic03070
12,Galicia,36,Pontevedra,36010,36010,Catoira,2022-03-01 18:52:18 CET,https://twitter.com/hashtag/spainmunic36010
7,Castilla y León,40,Segovia,40022,40022,Armuña,2022-03-01 18:52:52 CET,https://twitter.com/hashtag/spainmunic40022
9,Cataluña,17,Gerona,17018,17018,Bellcaire d'Empordà,2022-03-01 20:20:46 CET,https://twitter.com/hashtag/spainmunic17018
1,Andalucía,23,Jaén,23011,23011,Baños De La Encina,2022-03-01 20:21:16 CET,https://twitter.com/hashtag/spainmunic23011
9,Cataluña,43,Tarragona,43007,43007,L'Aleixar,2022-03-01 20:21:46 CET,https://twitter.com/hashtag/spainmunic43007
7,Castilla y León,37,Salamanca,37216,37216,Navales,2022-03-01 20:34:03 CET,https://twitter.com/hashtag/spainmunic37216
1,Andalucía,11,Cádiz,11004,11004,Algeciras,2022-03-01 20:35:09 CET,https://twitter.com/hashtag/spainmunic11004
12,Galicia,32,Orense,32074,32074,San Amaro,2022-03-01 20:35:42 CET,https://twitter.com/hashtag/spainmunic32074
8,Castilla-La Mancha,16,Cuenca,16006,16006,Albendea,2022-03-01 20:54:41 CET,https://twitter.com/hashtag/spainmunic16006
1,Andalucía,4,Almería,04076,4076,Purchena,2022-03-01 20:55:16 CET,https://twitter.com/hashtag/spainmunic04076
12,Galicia,36,Pontevedra,36013,36013,Santiago De Covelo,2022-03-01 20:55:49 CET,https://twitter.com/hashtag/spainmunic36013
1,Andalucía,18,Granada,18069,18069,Dólar,2022-03-01 21:29:21 CET,https://twitter.com/hashtag/spainmunic18069
10,Comunidad Valenciana,3,Alicante,03005,3005,Albatera,2022-03-01 21:30:12 CET,https://twitter.com/hashtag/spainmunic03005
10,Comunidad Valenciana,46,Valencia,46037,46037,l'Alqueria De La Comtessa,2022-03-01 21:30:49 CET,https://twitter.com/hashtag/spainmunic46037
13,Madrid,28,Madrid,28136,28136,Santorcaz,2022-03-01 21:51:29 CET,https://twitter.com/hashtag/spainmunic28136
8,Castilla-La Mancha,45,Toledo,45008,45008,Aldea en Cabo,2022-03-01 21:51:58 CET,https://twitter.com/hashtag/spainmunic45008
1,Andalucía,4,Almería,04078,4078,Rioja,2022-03-01 21:52:26 CET,https://twitter.com/hashtag/spainmunic04078
2,Aragón,44,Teruel,44022,44022,Alloza,2022-03-01 22:37:12 CET,https://twitter.com/hashtag/spainmunic44022
8,Castilla-La Mancha,19,Guadalajara,19105,19105,Chiloeches,2022-03-01 22:37:50 CET,https://twitter.com/hashtag/spainmunic19105
9,Cataluña,25,Lérida,25005,25005,Alàs,2022-03-01 22:38:26 CET,https://twitter.com/hashtag/spainmunic25005
10,Comunidad Valenciana,12,Castellón,12122,12122,Useras,2022-03-01 23:28:56 CET,https://twitter.com/hashtag/spainmunic12122
9,Cataluña,43,Tarragona,43173,43173,La Vilella Alta,2022-03-01 23:29:30 CET,https://twitter.com/hashtag/spainmunic43173
7,Castilla y León,9,Burgos,09200,9200,Mambrillas De Lara,2022-03-01 23:30:08 CET,https://twitter.com/hashtag/spainmunic09200
7,Castilla y León,34,Palencia,34061,34061,Collazos De Boedo,2022-03-01 23:51:28 CET,https://twitter.com/hashtag/spainmunic34061
12,Galicia,15,La Coruña,15028,15028,Corcubión,2022-03-01 23:51:55 CET,https://twitter.com/hashtag/spainmunic15028
1,Andalucía,29,Málaga,29098,29098,Villanueva De Tapia,2022-03-01 23:52:22 CET,https://twitter.com/hashtag/spainmunic29098
8,Castilla-La Mancha,19,Guadalajara,19173,19173,Matarrubia,2022-03-02 00:28:42 CET,https://twitter.com/hashtag/spainmunic19173
2,Aragón,44,Teruel,44130,44130,Jorcas,2022-03-02 00:29:15 CET,https://twitter.com/hashtag/spainmunic44130
9,Cataluña,25,Lérida,25032,25032,Arsèguel,2022-03-02 00:29:46 CET,https://twitter.com/hashtag/spainmunic25032
9,Cataluña,25,Lérida,25251,25251,Vilanova De Segrià,2022-03-02 00:51:19 CET,https://twitter.com/hashtag/spainmunic25251
7,Castilla y León,5,Ávila,05128,5128,Mingorría,2022-03-02 00:51:47 CET,https://twitter.com/hashtag/spainmunic05128
7,Castilla y León,49,Zamora,49048,49048,Cernadilla,2022-03-02 00:52:17 CET,https://twitter.com/hashtag/spainmunic49048
9,Cataluña,43,Tarragona,43169,43169,Vilaplana,2022-03-02 02:40:37 CET,https://twitter.com/hashtag/spainmunic43169
7,Castilla y León,34,Palencia,34093,34093,La Vid De Ojeda,2022-03-02 02:41:13 CET,https://twitter.com/hashtag/spainmunic34093
9,Cataluña,8,Barcelona,08224,8224,L'Abella,2022-03-02 02:41:49 CET,https://twitter.com/hashtag/spainmunic08224
9,Cataluña,43,Tarragona,43151,43151,La Torre De Fontaubella,2022-03-02 03:36:47 CET,https://twitter.com/hashtag/spainmunic43151
7,Castilla y León,49,Zamora,49081,49081,Fuentesaúco,2022-03-02 03:37:35 CET,https://twitter.com/hashtag/spainmunic49081
8,Castilla-La Mancha,16,Cuenca,16050,16050,Cañaveras,2022-03-02 03:38:10 CET,https://twitter.com/hashtag/spainmunic16050
8,Castilla-La Mancha,2,Albacete,02060,2060,Peñas De San Pedro,2022-03-02 04:04:58 CET,https://twitter.com/hashtag/spainmunic02060
7,Castilla y León,5,Ávila,05266,5266,Zapardiel De La Cañada,2022-03-02 04:05:38 CET,https://twitter.com/hashtag/spainmunic05266
7,Castilla y León,24,León,24161,24161,Santiago Millas,2022-03-02 04:06:15 CET,https://twitter.com/hashtag/spainmunic24161
2,Aragón,44,Teruel,44155,44155,Montalbán,2022-03-02 04:31:34 CET,https://twitter.com/hashtag/spainmunic44155
9,Cataluña,8,Barcelona,08274,8274,Súria,2022-03-02 04:32:23 CET,https://twitter.com/hashtag/spainmunic08274
9,Cataluña,8,Barcelona,08165,8165,La Pobla De Claramunt,2022-03-02 04:32:58 CET,https://twitter.com/hashtag/spainmunic08165
2,Aragón,50,Zaragoza,50063,50063,El Buste,2022-03-02 04:53:47 CET,https://twitter.com/hashtag/spainmunic50063
11,Extremadura,10,Cáceres,10075,10075,Fresnedoso De Ibor,2022-03-02 04:54:23 CET,https://twitter.com/hashtag/spainmunic10075
10,Comunidad Valenciana,3,Alicante,03074,3074,Granja De Rocamora,2022-03-02 04:54:55 CET,https://twitter.com/hashtag/spainmunic03074
8,Castilla-La Mancha,19,Guadalajara,19234,19234,Retiendas,2022-03-02 05:31:55 CET,https://twitter.com/hashtag/spainmunic19234
8,Castilla-La Mancha,16,Cuenca,16082,16082,Enguídanos,2022-03-02 05:32:27 CET,https://twitter.com/hashtag/spainmunic16082
7,Castilla y León,37,Salamanca,37380,37380,Zarapicos,2022-03-02 05:32:59 CET,https://twitter.com/hashtag/spainmunic37380
8,Castilla-La Mancha,19,Guadalajara,19264,19264,Taravilla,2022-03-02 06:25:59 CET,https://twitter.com/hashtag/spainmunic19264
8,Castilla-La Mancha,16,Cuenca,16055,16055,Carboneras De Guadazaón,2022-03-02 06:26:37 CET,https://twitter.com/hashtag/spainmunic16055
9,Cataluña,25,Lérida,25908,25908,Fígols,2022-03-02 06:27:12 CET,https://twitter.com/hashtag/spainmunic25908
11,Extremadura,10,Cáceres,10188,10188,Torre De Santa María,2022-03-02 06:51:57 CET,https://twitter.com/hashtag/spainmunic10188
10,Comunidad Valenciana,12,Castellón,12138,12138,Vinaròs,2022-03-02 06:52:43 CET,https://twitter.com/hashtag/spainmunic12138
7,Castilla y León,37,Salamanca,37046,37046,Béjar,2022-03-02 06:53:18 CET,https://twitter.com/hashtag/spainmunic37046
10,Comunidad Valenciana,46,Valencia,46126,46126,Foios,2022-03-02 07:30:56 CET,https://twitter.com/hashtag/spainmunic46126
7,Castilla y León,24,León,24046,24046,Castrocalbón,2022-03-02 07:31:33 CET,https://twitter.com/hashtag/spainmunic24046
1,Andalucía,21,Huelva,21056,21056,Paterna Del Campo,2022-03-02 07:32:07 CET,https://twitter.com/hashtag/spainmunic21056
7,Castilla y León,40,Segovia,40017,40017,Anaya,2022-03-02 07:58:16 CET,https://twitter.com/hashtag/spainmunic40017
7,Castilla y León,49,Zamora,49012,49012,Argañín,2022-03-02 07:58:59 CET,https://twitter.com/hashtag/spainmunic49012
8,Castilla-La Mancha,16,Cuenca,16215,16215,Tragacete,2022-03-02 07:59:34 CET,https://twitter.com/hashtag/spainmunic16215
6,Cantabria,39,Cantabria,39088,39088,Tresviso,2022-03-02 08:36:19 CET,https://twitter.com/hashtag/spainmunic39088
7,Castilla y León,49,Zamora,49139,49139,Otero De Bodas,2022-03-02 08:36:49 CET,https://twitter.com/hashtag/spainmunic49139
7,Castilla y León,37,Salamanca,37128,37128,Espino De La Orbada,2022-03-02 08:37:19 CET,https://twitter.com/hashtag/spainmunic37128
9,Cataluña,25,Lérida,25046,25046,Belianes,2022-03-02 08:55:55 CET,https://twitter.com/hashtag/spainmunic25046
7,Castilla y León,37,Salamanca,37096,37096,Castillejo De Martín Viejo,2022-03-02 08:56:31 CET,https://twitter.com/hashtag/spainmunic37096
1,Andalucía,23,Jaén,23094,23094,Vilches,2022-03-02 08:57:10 CET,https://twitter.com/hashtag/spainmunic23094
7,Castilla y León,49,Zamora,49207,49207,Santovenia,2022-03-02 09:32:25 CET,https://twitter.com/hashtag/spainmunic49207
12,Galicia,32,Orense,32079,32079,Taboadela,2022-03-02 09:32:59 CET,https://twitter.com/hashtag/spainmunic32079
2,Aragón,50,Zaragoza,50131,50131,Jaulín,2022-03-02 09:33:34 CET,https://twitter.com/hashtag/spainmunic50131
9,Cataluña,8,Barcelona,08129,8129,Muntanyola,2022-03-02 09:55:45 CET,https://twitter.com/hashtag/spainmunic08129
7,Castilla y León,37,Salamanca,37164,37164,Huerta,2022-03-02 09:56:27 CET,https://twitter.com/hashtag/spainmunic37164
2,Aragón,50,Zaragoza,50279,50279,Velilla De Jiloca,2022-03-02 09:57:01 CET,https://twitter.com/hashtag/spainmunic50279
12,Galicia,27,Lugo,27032,27032,Monterroso,2022-03-02 10:27:10 CET,https://twitter.com/hashtag/spainmunic27032
9,Cataluña,8,Barcelona,08046,8046,Cardedeu,2022-03-02 10:27:56 CET,https://twitter.com/hashtag/spainmunic08046
10,Comunidad Valenciana,46,Valencia,46057,46057,Benicolet,2022-03-02 10:28:27 CET,https://twitter.com/hashtag/spainmunic46057
8,Castilla-La Mancha,19,Guadalajara,19091,19091,Cogollor,2022-03-02 10:55:16 CET,https://twitter.com/hashtag/spainmunic19091
7,Castilla y León,42,Soria,42079,42079,Escobosa De Almazán,2022-03-02 10:55:54 CET,https://twitter.com/hashtag/spainmunic42079
9,Cataluña,17,Gerona,17020,17020,Bescanó,2022-03-02 10:56:34 CET,https://twitter.com/hashtag/spainmunic17020
7,Castilla y León,24,León,24226,24226,Villaselán,2022-03-02 11:31:19 CET,https://twitter.com/hashtag/spainmunic24226
8,Castilla-La Mancha,19,Guadalajara,19079,19079,Castilnuevo,2022-03-02 11:32:01 CET,https://twitter.com/hashtag/spainmunic19079
1,Andalucía,23,Jaén,23017,23017,Cabra Del Santo Cristo,2022-03-02 11:32:33 CET,https://twitter.com/hashtag/spainmunic23017
7,Castilla y León,37,Salamanca,37377,37377,Yecla De Yeltes,2022-03-02 11:52:30 CET,https://twitter.com/hashtag/spainmunic37377
1,Andalucía,18,Granada,18048,18048,Cijuela,2022-03-02 11:53:16 CET,https://twitter.com/hashtag/spainmunic18048
8,Castilla-La Mancha,16,Cuenca,16079,16079,Cueva Del Hierro,2022-03-02 11:53:51 CET,https://twitter.com/hashtag/spainmunic16079
1,Andalucía,18,Granada,18902,18902,Restábal,2022-03-02 12:26:05 CET,https://twitter.com/hashtag/spainmunic18902
9,Cataluña,25,Lérida,25010,25010,Alcanó,2022-03-02 12:26:48 CET,https://twitter.com/hashtag/spainmunic25010
6,Cantabria,39,Cantabria,39077,39077,Santiurde De Reinosa,2022-03-02 12:27:21 CET,https://twitter.com/hashtag/spainmunic39077
1,Andalucía,14,Córdoba,14003,14003,Alcaracejos,2022-03-02 12:38:20 CET,https://twitter.com/hashtag/spainmunic14003
13,Madrid,28,Madrid,28063,28063,Gargantilla Del Lozoya,2022-03-02 12:39:02 CET,https://twitter.com/hashtag/spainmunic28063
12,Galicia,36,Pontevedra,36058,36058,O Toural,2022-03-02 12:39:41 CET,https://twitter.com/hashtag/spainmunic36058
11,Extremadura,10,Cáceres,10006,10006,Ahigal,2022-03-02 12:51:26 CET,https://twitter.com/hashtag/spainmunic10006
9,Cataluña,25,Lérida,25175,25175,Prats,2022-03-02 12:51:56 CET,https://twitter.com/hashtag/spainmunic25175
9,Cataluña,17,Gerona,17143,17143,Rabós,2022-03-02 12:52:24 CET,https://twitter.com/hashtag/spainmunic17143
8,Castilla-La Mancha,2,Albacete,02034,2034,Fuentealbilla,2022-03-02 13:40:00 CET,https://twitter.com/hashtag/spainmunic02034
9,Cataluña,25,Lérida,25099,25099,Golmés,2022-03-02 13:40:32 CET,https://twitter.com/hashtag/spainmunic25099
7,Castilla y León,24,León,24166,24166,Soto De La Vega,2022-03-02 13:41:03 CET,https://twitter.com/hashtag/spainmunic24166
7,Castilla y León,5,Ávila,05264,5264,Viñegra De Moraña,2022-03-02 14:08:57 CET,https://twitter.com/hashtag/spainmunic05264
7,Castilla y León,24,León,24141,24141,San Adrián Del Valle,2022-03-02 14:09:34 CET,https://twitter.com/hashtag/spainmunic24141
9,Cataluña,17,Gerona,17137,17137,Mata,2022-03-02 14:10:09 CET,https://twitter.com/hashtag/spainmunic17137
1,Andalucía,4,Almería,04008,4008,Alcóntar,2022-03-02 14:36:42 CET,https://twitter.com/hashtag/spainmunic04008
12,Galicia,27,Lugo,27054,27054,As Rodrigas,2022-03-02 14:37:12 CET,https://twitter.com/hashtag/spainmunic27054
7,Castilla y León,40,Segovia,40030,40030,Bernardos,2022-03-02 14:37:41 CET,https://twitter.com/hashtag/spainmunic40030
13,Madrid,28,Madrid,28011,28011,Ambite,2022-03-02 14:55:19 CET,https://twitter.com/hashtag/spainmunic28011
7,Castilla y León,49,Zamora,49205,49205,Santibáñez De Tera,2022-03-02 14:55:57 CET,https://twitter.com/hashtag/spainmunic49205
11,Extremadura,6,Badajoz,06063,6063,Herrera Del Duque,2022-03-02 14:56:41 CET,https://twitter.com/hashtag/spainmunic06063
2,Aragón,50,Zaragoza,50073,50073,Cariñena,2022-03-02 15:27:44 CET,https://twitter.com/hashtag/spainmunic50073
17,La Rioja,26,La Rioja,26032,26032,Brieva De Cameros,2022-03-02 15:28:20 CET,https://twitter.com/hashtag/spainmunic26032
7,Castilla y León,49,Zamora,49224,49224,Trefacio,2022-03-02 15:28:55 CET,https://twitter.com/hashtag/spainmunic49224
9,Cataluña,25,Lérida,25238,25238,Vallbona De Les Monges,2022-03-02 15:37:49 CET,https://twitter.com/hashtag/spainmunic25238
9,Cataluña,43,Tarragona,43110,43110,La Pobla De Massaluca,2022-03-02 15:38:17 CET,https://twitter.com/hashtag/spainmunic43110
10,Comunidad Valenciana,12,Castellón,12057,12057,Eslida,2022-03-02 15:38:44 CET,https://twitter.com/hashtag/spainmunic12057
8,Castilla-La Mancha,45,Toledo,45129,45129,Paredes De Escalona,2022-03-02 15:51:40 CET,https://twitter.com/hashtag/spainmunic45129
12,Galicia,15,La Coruña,15038,15038,Cimadevila,2022-03-02 15:52:12 CET,https://twitter.com/hashtag/spainmunic15038
7,Castilla y León,9,Burgos,09283,9283,Quintanaélez,2022-03-02 15:52:42 CET,https://twitter.com/hashtag/spainmunic09283
8,Castilla-La Mancha,45,Toledo,45009,45009,Aldeanueva De Barbarroya,2022-03-02 16:26:26 CET,https://twitter.com/hashtag/spainmunic45009
7,Castilla y León,24,León,24129,24129,Reyero,2022-03-02 16:26:54 CET,https://twitter.com/hashtag/spainmunic24129
9,Cataluña,17,Gerona,17901,17901,Sant Sadurní De l'Heura,2022-03-02 16:27:22 CET,https://twitter.com/hashtag/spainmunic17901
11,Extremadura,6,Badajoz,06105,6105,Puebla Del Maestre,2022-03-02 16:51:36 CET,https://twitter.com/hashtag/spainmunic06105
7,Castilla y León,47,Valladolid,47063,47063,Fompedraza,2022-03-02 16:52:05 CET,https://twitter.com/hashtag/spainmunic47063
8,Castilla-La Mancha,13,Ciudad Real,13050,13050,Las Labores,2022-03-02 16:52:33 CET,https://twitter.com/hashtag/spainmunic13050
9,Cataluña,17,Gerona,17175,17175,Sant Miquel De Fluvià,2022-03-02 17:40:03 CET,https://twitter.com/hashtag/spainmunic17175
10,Comunidad Valenciana,3,Alicante,03054,3054,Castell De Castells,2022-03-02 17:40:37 CET,https://twitter.com/hashtag/spainmunic03054
7,Castilla y León,37,Salamanca,37001,37001,Abusejo,2022-03-02 17:41:10 CET,https://twitter.com/hashtag/spainmunic37001
1,Andalucía,41,Sevilla,41066,41066,Las Navas De La Concepción,2022-03-02 18:05:49 CET,https://twitter.com/hashtag/spainmunic41066
7,Castilla y León,5,Ávila,05089,5089,Guisando,2022-03-02 18:06:34 CET,https://twitter.com/hashtag/spainmunic05089
9,Cataluña,8,Barcelona,08278,8278,Taradell,2022-03-02 18:07:13 CET,https://twitter.com/hashtag/spainmunic08278
10,Comunidad Valenciana,3,Alicante,03004,3004,Aigües,2022-03-02 18:26:22 CET,https://twitter.com/hashtag/spainmunic03004
9,Cataluña,17,Gerona,17192,17192,Setcases,2022-03-02 18:26:51 CET,https://twitter.com/hashtag/spainmunic17192
8,Castilla-La Mancha,19,Guadalajara,19240,19240,Robledo De Corpes,2022-03-02 18:27:20 CET,https://twitter.com/hashtag/spainmunic19240
7,Castilla y León,9,Burgos,09219,9219,Miranda De Ebro,2022-03-02 18:51:07 CET,https://twitter.com/hashtag/spainmunic09219
8,Castilla-La Mancha,19,Guadalajara,19034,19034,Anquela Del Pedregal,2022-03-02 18:51:40 CET,https://twitter.com/hashtag/spainmunic19034
8,Castilla-La Mancha,19,Guadalajara,19142,19142,Hontoba,2022-03-02 18:52:13 CET,https://twitter.com/hashtag/spainmunic19142
7,Castilla y León,37,Salamanca,37278,37278,San Cristóbal De La Cuesta,2022-03-02 19:29:21 CET,https://twitter.com/hashtag/spainmunic37278
11,Extremadura,10,Cáceres,10205,10205,Valverde Del Fresno,2022-03-02 19:29:52 CET,https://twitter.com/hashtag/spainmunic10205
1,Andalucía,41,Sevilla,41088,41088,San Nicolás Del Puerto,2022-03-02 19:30:22 CET,https://twitter.com/hashtag/spainmunic41088
7,Castilla y León,37,Salamanca,37258,37258,Puebla De Azaba,2022-03-02 19:56:35 CET,https://twitter.com/hashtag/spainmunic37258
2,Aragón,50,Zaragoza,50173,50173,Monterde,2022-03-02 19:57:07 CET,https://twitter.com/hashtag/spainmunic50173
10,Comunidad Valenciana,46,Valencia,46090,46090,Castelló De Rugat,2022-03-02 19:57:38 CET,https://twitter.com/hashtag/spainmunic46090
2,Aragón,50,Zaragoza,50197,50197,Orés,2022-03-02 20:23:48 CET,https://twitter.com/hashtag/spainmunic50197
7,Castilla y León,9,Burgos,09108,9108,Cogollos,2022-03-02 20:24:28 CET,https://twitter.com/hashtag/spainmunic09108
5,Canarias,38,Santa Cruz de Tenerife,38006,38006,Arona,2022-03-02 20:25:04 CET,https://twitter.com/hashtag/spainmunic38006
7,Castilla y León,47,Valladolid,47171,47171,Torrelobatón,2022-03-02 20:33:10 CET,https://twitter.com/hashtag/spainmunic47171
7,Castilla y León,49,Zamora,49192,49192,San Miguel Del Valle,2022-03-02 20:33:42 CET,https://twitter.com/hashtag/spainmunic49192
10,Comunidad Valenciana,46,Valencia,46190,46190,Paterna,2022-03-02 20:34:33 CET,https://twitter.com/hashtag/spainmunic46190
8,Castilla-La Mancha,2,Albacete,02018,2018,Bonete,2022-03-02 20:53:47 CET,https://twitter.com/hashtag/spainmunic02018
9,Cataluña,25,Lérida,25053,25053,Benavent De Segrià,2022-03-02 20:54:27 CET,https://twitter.com/hashtag/spainmunic25053
6,Cantabria,39,Cantabria,39070,39070,San Miguel De Aguayo,2022-03-02 20:55:02 CET,https://twitter.com/hashtag/spainmunic39070
2,Aragón,22,Huesca,22232,22232,Torralba De Aragón,2022-03-02 21:27:35 CET,https://twitter.com/hashtag/spainmunic22232
8,Castilla-La Mancha,45,Toledo,45024,45024,Burujón,2022-03-02 21:28:15 CET,https://twitter.com/hashtag/spainmunic45024
7,Castilla y León,9,Burgos,09016,9016,Ameyugo,2022-03-02 21:28:51 CET,https://twitter.com/hashtag/spainmunic09016
9,Cataluña,8,Barcelona,08103,8103,Jorba,2022-03-02 21:51:16 CET,https://twitter.com/hashtag/spainmunic08103
10,Comunidad Valenciana,3,Alicante,03104,3104,Petrer,2022-03-02 21:51:51 CET,https://twitter.com/hashtag/spainmunic03104
4,Baleares,7,Baleares,07059,7059,Ses Salines,2022-03-02 21:52:23 CET,https://twitter.com/hashtag/spainmunic07059
7,Castilla y León,40,Segovia,40198,40198,Sotillo,2022-03-02 22:20:25 CET,https://twitter.com/hashtag/spainmunic40198
5,Canarias,38,Santa Cruz de Tenerife,38001,38001,Adeje,2022-03-02 22:21:00 CET,https://twitter.com/hashtag/spainmunic38001
12,Galicia,32,Orense,32068,32068,Ramirás,2022-03-02 22:21:31 CET,https://twitter.com/hashtag/spainmunic32068
8,Castilla-La Mancha,19,Guadalajara,19082,19082,Centenera,2022-03-02 22:36:30 CET,https://twitter.com/hashtag/spainmunic19082
2,Aragón,50,Zaragoza,50137,50137,Leciñena,2022-03-02 22:37:05 CET,https://twitter.com/hashtag/spainmunic50137
13,Madrid,28,Madrid,28050,28050,Cubas De La Sagra,2022-03-02 22:37:36 CET,https://twitter.com/hashtag/spainmunic28050
5,Canarias,38,Santa Cruz de Tenerife,38038,38038,Santa Cruz De Tenerife,2022-03-02 22:52:18 CET,https://twitter.com/hashtag/spainmunic38038
12,Galicia,32,Orense,32029,32029,Rabal,2022-03-02 22:52:49 CET,https://twitter.com/hashtag/spainmunic32029
11,Extremadura,6,Badajoz,06002,6002,Aceuchal,2022-03-02 22:53:25 CET,https://twitter.com/hashtag/spainmunic06002
1,Andalucía,18,Granada,18062,18062,Churriana De La Vega,2022-03-02 23:26:01 CET,https://twitter.com/hashtag/spainmunic18062
8,Castilla-La Mancha,13,Ciudad Real,13095,13095,Villar Del Pozo,2022-03-02 23:26:31 CET,https://twitter.com/hashtag/spainmunic13095
2,Aragón,22,Huesca,22213,22213,Sariñena,2022-03-02 23:27:03 CET,https://twitter.com/hashtag/spainmunic22213
9,Cataluña,25,Lérida,25152,25152,Les Oluges,2022-03-02 23:53:32 CET,https://twitter.com/hashtag/spainmunic25152
1,Andalucía,18,Granada,18187,18187,Villanueva De Las Torres,2022-03-02 23:54:09 CET,https://twitter.com/hashtag/spainmunic18187
3,Asturias,33,Asturias,33066,33066,La Pola Siero,2022-03-02 23:54:50 CET,https://twitter.com/hashtag/spainmunic33066
7,Castilla y León,5,Ávila,05142,5142,Muñosancho,2022-03-03 00:24:52 CET,https://twitter.com/hashtag/spainmunic05142
8,Castilla-La Mancha,2,Albacete,02057,2057,Ossa De Montiel,2022-03-03 00:25:24 CET,https://twitter.com/hashtag/spainmunic02057
1,Andalucía,14,Córdoba,14030,14030,Fuente Palmera,2022-03-03 00:25:59 CET,https://twitter.com/hashtag/spainmunic14030
7,Castilla y León,9,Burgos,09083,9083,Castil De Peones,2022-03-03 00:51:03 CET,https://twitter.com/hashtag/spainmunic09083
7,Castilla y León,37,Salamanca,37207,37207,Moriscos,2022-03-03 00:51:33 CET,https://twitter.com/hashtag/spainmunic37207
7,Castilla y León,37,Salamanca,37347,37347,La Vellés,2022-03-03 00:52:00 CET,https://twitter.com/hashtag/spainmunic37347
7,Castilla y León,47,Valladolid,47026,47026,Bustillo De Chaves,2022-03-03 02:38:38 CET,https://twitter.com/hashtag/spainmunic47026
17,La Rioja,26,La Rioja,26172,26172,Villarejo,2022-03-03 02:39:11 CET,https://twitter.com/hashtag/spainmunic26172
2,Aragón,44,Teruel,44209,44209,Santa Eulalia,2022-03-03 02:39:45 CET,https://twitter.com/hashtag/spainmunic44209
7,Castilla y León,42,Soria,42100,42100,Hinojosa Del Campo,2022-03-03 03:36:24 CET,https://twitter.com/hashtag/spainmunic42100
2,Aragón,22,Huesca,22023,22023,Almuniente,2022-03-03 03:36:53 CET,https://twitter.com/hashtag/spainmunic22023
9,Cataluña,17,Gerona,17124,17124,Pals,2022-03-03 03:37:24 CET,https://twitter.com/hashtag/spainmunic17124
7,Castilla y León,49,Zamora,49011,49011,Arcos De La Polvorosa,2022-03-03 04:07:05 CET,https://twitter.com/hashtag/spainmunic49011
1,Andalucía,29,Málaga,29097,29097,Villanueva Del Trabuco,2022-03-03 04:07:44 CET,https://twitter.com/hashtag/spainmunic29097
7,Castilla y León,24,León,24175,24175,Valdefresno,2022-03-03 04:08:21 CET,https://twitter.com/hashtag/spainmunic24175
7,Castilla y León,47,Valladolid,47122,47122,Portillo,2022-03-03 04:30:45 CET,https://twitter.com/hashtag/spainmunic47122
10,Comunidad Valenciana,3,Alicante,03053,3053,Castalla,2022-03-03 04:31:24 CET,https://twitter.com/hashtag/spainmunic03053
1,Andalucía,11,Cádiz,11025,11025,Paterna De Rivera,2022-03-03 04:31:56 CET,https://twitter.com/hashtag/spainmunic11025
8,Castilla-La Mancha,19,Guadalajara,19301,19301,Valdeconcha,2022-03-03 04:51:26 CET,https://twitter.com/hashtag/spainmunic19301
13,Madrid,28,Madrid,28151,28151,Torrelaguna,2022-03-03 04:52:01 CET,https://twitter.com/hashtag/spainmunic28151
7,Castilla y León,37,Salamanca,37006,37006,La Alamedilla,2022-03-03 04:52:31 CET,https://twitter.com/hashtag/spainmunic37006
7,Castilla y León,37,Salamanca,37298,37298,Santibáñez De La Sierra,2022-03-03 05:32:05 CET,https://twitter.com/hashtag/spainmunic37298
8,Castilla-La Mancha,19,Guadalajara,19174,19174,Matillas,2022-03-03 05:32:37 CET,https://twitter.com/hashtag/spainmunic19174
7,Castilla y León,34,Palencia,34033,34033,Boada De Campos,2022-03-03 05:33:06 CET,https://twitter.com/hashtag/spainmunic34033
1,Andalucía,14,Córdoba,14057,14057,La Rambla,2022-03-03 05:55:28 CET,https://twitter.com/hashtag/spainmunic14057
7,Castilla y León,37,Salamanca,37091,37091,Casillas De Flores,2022-03-03 05:55:55 CET,https://twitter.com/hashtag/spainmunic37091
7,Castilla y León,9,Burgos,09439,9439,Villalbilla De Burgos,2022-03-03 05:56:21 CET,https://twitter.com/hashtag/spainmunic09439
9,Cataluña,17,Gerona,17145,17145,Ribes De Freser,2022-03-03 06:22:15 CET,https://twitter.com/hashtag/spainmunic17145
1,Andalucía,23,Jaén,23041,23041,Higuera De Calatrava,2022-03-03 06:22:41 CET,https://twitter.com/hashtag/spainmunic23041
7,Castilla y León,37,Salamanca,37136,37136,Fuenteguinaldo,2022-03-03 06:23:09 CET,https://twitter.com/hashtag/spainmunic37136
10,Comunidad Valenciana,3,Alicante,03049,3049,Callosa De Segura,2022-03-03 06:35:03 CET,https://twitter.com/hashtag/spainmunic03049
7,Castilla y León,40,Segovia,40184,40184,San Pedro De Gaíllos,2022-03-03 06:35:29 CET,https://twitter.com/hashtag/spainmunic40184
1,Andalucía,18,Granada,18086,18086,Gorafe,2022-03-03 06:35:55 CET,https://twitter.com/hashtag/spainmunic18086
1,Andalucía,18,Granada,18089,18089,Guadix,2022-03-03 06:51:13 CET,https://twitter.com/hashtag/spainmunic18089
7,Castilla y León,37,Salamanca,37238,37238,Pedrosillo El Ralo,2022-03-03 06:51:43 CET,https://twitter.com/hashtag/spainmunic37238
9,Cataluña,25,Lérida,25092,25092,La Floresta,2022-03-03 06:52:13 CET,https://twitter.com/hashtag/spainmunic25092
13,Madrid,28,Madrid,28020,28020,Berzosa Del Lozoya,2022-03-03 07:31:18 CET,https://twitter.com/hashtag/spainmunic28020
17,La Rioja,26,La Rioja,26069,26069,Grañón,2022-03-03 07:31:59 CET,https://twitter.com/hashtag/spainmunic26069
17,La Rioja,26,La Rioja,26088,26088,Leza De Río Leza,2022-03-03 07:32:30 CET,https://twitter.com/hashtag/spainmunic26088
9,Cataluña,43,Tarragona,43080,43080,La Masó,2022-03-03 07:54:29 CET,https://twitter.com/hashtag/spainmunic43080
17,La Rioja,26,La Rioja,26055,26055,Corporales,2022-03-03 07:54:57 CET,https://twitter.com/hashtag/spainmunic26055
7,Castilla y León,47,Valladolid,47181,47181,Valdenebro De Los Valles,2022-03-03 07:55:26 CET,https://twitter.com/hashtag/spainmunic47181
12,Galicia,15,La Coruña,15004,15004,Ares,2022-03-03 08:23:09 CET,https://twitter.com/hashtag/spainmunic15004
7,Castilla y León,49,Zamora,49084,49084,Fuentespreadas,2022-03-03 08:23:54 CET,https://twitter.com/hashtag/spainmunic49084
8,Castilla-La Mancha,19,Guadalajara,19290,19290,Trijueque,2022-03-03 08:24:25 CET,https://twitter.com/hashtag/spainmunic19290
7,Castilla y León,40,Segovia,40906,40906,San Cristóbal De Segovia,2022-03-03 08:40:13 CET,https://twitter.com/hashtag/spainmunic40906
7,Castilla y León,49,Zamora,49239,49239,Villabuena Del Puente,2022-03-03 08:40:52 CET,https://twitter.com/hashtag/spainmunic49239
9,Cataluña,17,Gerona,17110,17110,Mont-Ras,2022-03-03 08:41:29 CET,https://twitter.com/hashtag/spainmunic17110
8,Castilla-La Mancha,13,Ciudad Real,13025,13025,Cabezarados,2022-03-03 08:51:20 CET,https://twitter.com/hashtag/spainmunic13025
7,Castilla y León,49,Zamora,49058,49058,El Cubo De Tierra Del Vino,2022-03-03 08:51:56 CET,https://twitter.com/hashtag/spainmunic49058
7,Castilla y León,40,Segovia,40212,40212,Valdevacas De Montejo,2022-03-03 08:52:26 CET,https://twitter.com/hashtag/spainmunic40212
9,Cataluña,43,Tarragona,43905,43905,Salou,2022-03-03 09:33:03 CET,https://twitter.com/hashtag/spainmunic43905
13,Madrid,28,Madrid,28047,28047,Collado Villalba,2022-03-03 09:33:49 CET,https://twitter.com/hashtag/spainmunic28047
9,Cataluña,8,Barcelona,08301,8301,Viladecans,2022-03-03 09:34:36 CET,https://twitter.com/hashtag/spainmunic08301
8,Castilla-La Mancha,45,Toledo,45017,45017,Azután,2022-03-03 09:54:50 CET,https://twitter.com/hashtag/spainmunic45017
8,Castilla-La Mancha,16,Cuenca,16159,16159,Pinarejo,2022-03-03 09:55:36 CET,https://twitter.com/hashtag/spainmunic16159
1,Andalucía,4,Almería,04091,4091,Terque,2022-03-03 09:56:10 CET,https://twitter.com/hashtag/spainmunic04091
1,Andalucía,18,Granada,18153,18153,Peligros,2022-03-03 10:27:00 CET,https://twitter.com/hashtag/spainmunic18153
2,Aragón,50,Zaragoza,50258,50258,Torralbilla,2022-03-03 10:27:37 CET,https://twitter.com/hashtag/spainmunic50258
8,Castilla-La Mancha,45,Toledo,45170,45170,Torrecilla De La Jara,2022-03-03 10:28:17 CET,https://twitter.com/hashtag/spainmunic45170
1,Andalucía,21,Huelva,21007,21007,Aracena,2022-03-03 10:55:10 CET,https://twitter.com/hashtag/spainmunic21007
7,Castilla y León,40,Segovia,40157,40157,Pelayos Del Arroyo,2022-03-03 10:55:41 CET,https://twitter.com/hashtag/spainmunic40157
8,Castilla-La Mancha,13,Ciudad Real,13001,13001,Abenójar,2022-03-03 10:56:13 CET,https://twitter.com/hashtag/spainmunic13001
2,Aragón,44,Teruel,44229,44229,Torres De Albarracín,2022-03-03 11:31:02 CET,https://twitter.com/hashtag/spainmunic44229
8,Castilla-La Mancha,45,Toledo,45133,45133,Polán,2022-03-03 11:31:41 CET,https://twitter.com/hashtag/spainmunic45133
9,Cataluña,8,Barcelona,08240,8240,Sant Sadurní d'Anoia,2022-03-03 11:32:20 CET,https://twitter.com/hashtag/spainmunic08240
11,Extremadura,10,Cáceres,10185,10185,Torrecilla De Los Ángeles,2022-03-03 11:51:16 CET,https://twitter.com/hashtag/spainmunic10185
11,Extremadura,10,Cáceres,10139,10139,Pedroso De Acim,2022-03-03 11:51:45 CET,https://twitter.com/hashtag/spainmunic10139
9,Cataluña,8,Barcelona,08115,8115,Martorelles,2022-03-03 11:52:16 CET,https://twitter.com/hashtag/spainmunic08115
11,Extremadura,6,Badajoz,06083,6083,Mérida,2022-03-03 12:20:19 CET,https://twitter.com/hashtag/spainmunic06083
1,Andalucía,18,Granada,18021,18021,Armilla,2022-03-03 12:21:02 CET,https://twitter.com/hashtag/spainmunic18021
11,Extremadura,6,Badajoz,06003,6003,Ahillones,2022-03-03 12:21:31 CET,https://twitter.com/hashtag/spainmunic06003
7,Castilla y León,37,Salamanca,37329,37329,Tremedal De Tormes,2022-03-03 12:32:49 CET,https://twitter.com/hashtag/spainmunic37329
1,Andalucía,14,Córdoba,14075,14075,Zuheros,2022-03-03 12:33:25 CET,https://twitter.com/hashtag/spainmunic14075
1,Andalucía,4,Almería,04001,4001,Abla,2022-03-03 12:33:54 CET,https://twitter.com/hashtag/spainmunic04001
7,Castilla y León,37,Salamanca,37159,37159,Herguijuela Del Campo,2022-03-03 12:52:35 CET,https://twitter.com/hashtag/spainmunic37159
8,Castilla-La Mancha,45,Toledo,45100,45100,Mesegar De Tajo,2022-03-03 12:53:09 CET,https://twitter.com/hashtag/spainmunic45100
7,Castilla y León,42,Soria,42121,42121,Montenegro De Cameros,2022-03-03 12:53:43 CET,https://twitter.com/hashtag/spainmunic42121
9,Cataluña,17,Gerona,17050,17050,Cervià De Ter,2022-03-03 13:43:09 CET,https://twitter.com/hashtag/spainmunic17050
12,Galicia,32,Orense,32058,32058,O Pereiro De Aguiar,2022-03-03 13:44:09 CET,https://twitter.com/hashtag/spainmunic32058
7,Castilla y León,9,Burgos,09242,9242,Padilla De Abajo,2022-03-03 13:44:42 CET,https://twitter.com/hashtag/spainmunic09242
8,Castilla-La Mancha,13,Ciudad Real,13036,13036,Los Cortijos,2022-03-03 14:05:26 CET,https://twitter.com/hashtag/spainmunic13036
9,Cataluña,17,Gerona,17153,17153,Rupià,2022-03-03 14:05:56 CET,https://twitter.com/hashtag/spainmunic17153
7,Castilla y León,24,León,24216,24216,Villamontán De La Valduerna,2022-03-03 14:06:28 CET,https://twitter.com/hashtag/spainmunic24216
8,Castilla-La Mancha,16,Cuenca,16244,16244,Villagarcía Del Llano,2022-03-03 14:53:09 CET,https://twitter.com/hashtag/spainmunic16244
7,Castilla y León,24,León,24136,24136,Roperuelos Del Páramo,2022-03-03 14:53:48 CET,https://twitter.com/hashtag/spainmunic24136
1,Andalucía,14,Córdoba,14036,14036,Hornachuelos,2022-03-03 14:54:25 CET,https://twitter.com/hashtag/spainmunic14036
2,Aragón,44,Teruel,44028,44028,Argente,2022-03-03 15:23:34 CET,https://twitter.com/hashtag/spainmunic44028
9,Cataluña,8,Barcelona,08086,8086,Corró d'Avall,2022-03-03 15:24:07 CET,https://twitter.com/hashtag/spainmunic08086
1,Andalucía,18,Granada,18132,18132,Moclín,2022-03-03 15:24:39 CET,https://twitter.com/hashtag/spainmunic18132
5,Canarias,35,Las Palmas,35027,35027,Teror,2022-03-03 15:41:07 CET,https://twitter.com/hashtag/spainmunic35027
13,Madrid,28,Madrid,28074,28074,Leganés,2022-03-03 15:41:59 CET,https://twitter.com/hashtag/spainmunic28074
7,Castilla y León,49,Zamora,49113,49113,Matilla De Arzón,2022-03-03 15:42:37 CET,https://twitter.com/hashtag/spainmunic49113
8,Castilla-La Mancha,2,Albacete,02025,2025,Caudete,2022-03-03 16:26:36 CET,https://twitter.com/hashtag/spainmunic02025
1,Andalucía,23,Jaén,23024,23024,La Carolina,2022-03-03 16:27:18 CET,https://twitter.com/hashtag/spainmunic23024
1,Andalucía,41,Sevilla,41071,41071,Paradas,2022-03-03 16:28:00 CET,https://twitter.com/hashtag/spainmunic41071
7,Castilla y León,9,Burgos,09085,9085,Castrillo De La Vega,2022-03-03 16:52:14 CET,https://twitter.com/hashtag/spainmunic09085
10,Comunidad Valenciana,12,Castellón,12042,12042,Catí,2022-03-03 16:52:44 CET,https://twitter.com/hashtag/spainmunic12042
8,Castilla-La Mancha,16,Cuenca,16906,16906,Valdecolmenas De Abajo,2022-03-03 16:53:14 CET,https://twitter.com/hashtag/spainmunic16906
2,Aragón,50,Zaragoza,50068,50068,Calatorao,2022-03-03 17:36:21 CET,https://twitter.com/hashtag/spainmunic50068
7,Castilla y León,24,León,24009,24009,Balboa,2022-03-03 17:36:49 CET,https://twitter.com/hashtag/spainmunic24009
7,Castilla y León,34,Palencia,34242,34242,Villodrigo,2022-03-03 17:37:15 CET,https://twitter.com/hashtag/spainmunic34242
17,La Rioja,26,La Rioja,26154,26154,Torremontalbo,2022-03-03 18:04:57 CET,https://twitter.com/hashtag/spainmunic26154
7,Castilla y León,37,Salamanca,37283,37283,Sando,2022-03-03 18:05:30 CET,https://twitter.com/hashtag/spainmunic37283
8,Castilla-La Mancha,13,Ciudad Real,13064,13064,Poblete,2022-03-03 18:06:03 CET,https://twitter.com/hashtag/spainmunic13064
12,Galicia,15,La Coruña,15036,15036,Ferrol,2022-03-03 18:31:19 CET,https://twitter.com/hashtag/spainmunic15036
3,Asturias,33,Asturias,33034,33034,L.luarca,2022-03-03 18:31:53 CET,https://twitter.com/hashtag/spainmunic33034
2,Aragón,50,Zaragoza,50214,50214,Pomer,2022-03-03 18:32:27 CET,https://twitter.com/hashtag/spainmunic50214
10,Comunidad Valenciana,12,Castellón,12048,12048,Cortes De Arenoso,2022-03-03 18:52:08 CET,https://twitter.com/hashtag/spainmunic12048
8,Castilla-La Mancha,45,Toledo,45053,45053,Consuegra,2022-03-03 18:52:56 CET,https://twitter.com/hashtag/spainmunic45053
7,Castilla y León,9,Burgos,09907,9907,Quintanadueñas,2022-03-03 18:53:29 CET,https://twitter.com/hashtag/spainmunic09907
1,Andalucía,23,Jaén,23016,23016,Benatae,2022-03-03 19:29:42 CET,https://twitter.com/hashtag/spainmunic23016
1,Andalucía,4,Almería,04010,4010,Alhabia,2022-03-03 19:30:11 CET,https://twitter.com/hashtag/spainmunic04010
11,Extremadura,10,Cáceres,10061,10061,Ceclavín,2022-03-03 19:30:49 CET,https://twitter.com/hashtag/spainmunic10061
2,Aragón,50,Zaragoza,50096,50096,Embid De Ariza,2022-03-03 19:54:13 CET,https://twitter.com/hashtag/spainmunic50096
3,Asturias,33,Asturias,33051,33051,Pravia,2022-03-03 19:54:50 CET,https://twitter.com/hashtag/spainmunic33051
2,Aragón,50,Zaragoza,50262,50262,Torres De Berrellén,2022-03-03 19:55:30 CET,https://twitter.com/hashtag/spainmunic50262
7,Castilla y León,42,Soria,42202,42202,Velilla De Los Ajos,2022-03-03 20:35:18 CET,https://twitter.com/hashtag/spainmunic42202
8,Castilla-La Mancha,2,Albacete,02030,2030,Elche De La Sierra,2022-03-03 20:35:51 CET,https://twitter.com/hashtag/spainmunic02030
9,Cataluña,43,Tarragona,43013,43013,L'Ametlla De Mar,2022-03-03 20:36:25 CET,https://twitter.com/hashtag/spainmunic43013
1,Andalucía,14,Córdoba,14001,14001,Adamuz,2022-03-03 20:54:53 CET,https://twitter.com/hashtag/spainmunic14001
2,Aragón,44,Teruel,44018,44018,Almohaja,2022-03-03 20:55:31 CET,https://twitter.com/hashtag/spainmunic44018
7,Castilla y León,49,Zamora,49260,49260,Villanueva Del Campo,2022-03-03 20:56:02 CET,https://twitter.com/hashtag/spainmunic49260
8,Castilla-La Mancha,16,Cuenca,16007,16007,La Alberca De Záncara,2022-03-03 21:25:32 CET,https://twitter.com/hashtag/spainmunic16007
1,Andalucía,14,Córdoba,14901,14901,Aldea De Fuente Carreteros,2022-03-03 21:26:02 CET,https://twitter.com/hashtag/spainmunic14901
11,Extremadura,6,Badajoz,06161,6161,Zarza-Capilla,2022-03-03 21:26:33 CET,https://twitter.com/hashtag/spainmunic06161
7,Castilla y León,34,Palencia,34096,34096,Lomas,2022-03-03 22:25:23 CET,https://twitter.com/hashtag/spainmunic34096
8,Castilla-La Mancha,16,Cuenca,16096,16096,Graja De Iniesta,2022-03-03 22:25:54 CET,https://twitter.com/hashtag/spainmunic16096
4,Baleares,7,Baleares,07057,7057,Santanyí,2022-03-03 22:26:33 CET,https://twitter.com/hashtag/spainmunic07057
7,Castilla y León,5,Ávila,05227,5227,Santa María Del Tiétar,2022-03-03 22:40:07 CET,https://twitter.com/hashtag/spainmunic05227
7,Castilla y León,9,Burgos,09213,9213,Nofuentes,2022-03-03 22:40:46 CET,https://twitter.com/hashtag/spainmunic09213
7,Castilla y León,9,Burgos,09381,9381,Tinieblas,2022-03-03 22:41:19 CET,https://twitter.com/hashtag/spainmunic09381
6,Cantabria,39,Cantabria,39052,39052,Renedo,2022-03-03 22:54:32 CET,https://twitter.com/hashtag/spainmunic39052
1,Andalucía,41,Sevilla,41062,41062,Martín De La Jara,2022-03-03 22:55:08 CET,https://twitter.com/hashtag/spainmunic41062
7,Castilla y León,49,Zamora,49200,49200,Santa Cristina De La Polvorosa,2022-03-03 22:55:40 CET,https://twitter.com/hashtag/spainmunic49200
1,Andalucía,4,Almería,04041,4041,Enix,2022-03-03 23:24:52 CET,https://twitter.com/hashtag/spainmunic04041
7,Castilla y León,42,Soria,42161,42161,Salduero,2022-03-03 23:25:17 CET,https://twitter.com/hashtag/spainmunic42161
2,Aragón,22,Huesca,22003,22003,Adahuesca,2022-03-03 23:25:42 CET,https://twitter.com/hashtag/spainmunic22003
8,Castilla-La Mancha,16,Cuenca,16238,16238,Vara De Rey,2022-03-04 00:24:34 CET,https://twitter.com/hashtag/spainmunic16238
7,Castilla y León,9,Burgos,09448,9448,Villangómez,2022-03-04 00:25:04 CET,https://twitter.com/hashtag/spainmunic09448
7,Castilla y León,37,Salamanca,37178,37178,Malpartida,2022-03-04 00:25:34 CET,https://twitter.com/hashtag/spainmunic37178
5,Canarias,38,Santa Cruz de Tenerife,38022,38022,Icod De Los Vinos,2022-03-04 00:55:12 CET,https://twitter.com/hashtag/spainmunic38022
14,Murcia,30,Murcia,30006,30006,Aledo,2022-03-04 00:55:50 CET,https://twitter.com/hashtag/spainmunic30006
9,Cataluña,8,Barcelona,08282,8282,Tiana,2022-03-04 00:56:34 CET,https://twitter.com/hashtag/spainmunic08282
7,Castilla y León,5,Ávila,05014,5014,Arenas De San Pedro,2022-03-04 02:45:31 CET,https://twitter.com/hashtag/spainmunic05014
2,Aragón,44,Teruel,44238,44238,Utrillas,2022-03-04 02:46:06 CET,https://twitter.com/hashtag/spainmunic44238
7,Castilla y León,24,León,24004,24004,Almanza,2022-03-04 02:46:39 CET,https://twitter.com/hashtag/spainmunic24004
9,Cataluña,43,Tarragona,43163,43163,El Vendrell,2022-03-04 03:38:11 CET,https://twitter.com/hashtag/spainmunic43163
7,Castilla y León,47,Valladolid,47031,47031,El Campillo,2022-03-04 03:38:37 CET,https://twitter.com/hashtag/spainmunic47031
7,Castilla y León,34,Palencia,34041,34041,Calahorra De Boedo,2022-03-04 03:39:02 CET,https://twitter.com/hashtag/spainmunic34041
7,Castilla y León,49,Zamora,49071,49071,Fonfría,2022-03-04 04:04:15 CET,https://twitter.com/hashtag/spainmunic49071
7,Castilla y León,40,Segovia,40191,40191,Villarejo,2022-03-04 04:04:43 CET,https://twitter.com/hashtag/spainmunic40191
11,Extremadura,6,Badajoz,06082,6082,Mengabril,2022-03-04 04:05:10 CET,https://twitter.com/hashtag/spainmunic06082
8,Castilla-La Mancha,16,Cuenca,16045,16045,Canalejas Del Arroyo,2022-03-04 04:39:39 CET,https://twitter.com/hashtag/spainmunic16045
7,Castilla y León,47,Valladolid,47191,47191,Velliza,2022-03-04 04:40:12 CET,https://twitter.com/hashtag/spainmunic47191
1,Andalucía,18,Granada,18133,18133,Molvízar,2022-03-04 04:40:52 CET,https://twitter.com/hashtag/spainmunic18133
7,Castilla y León,37,Salamanca,37303,37303,El Sahugo,2022-03-04 04:51:22 CET,https://twitter.com/hashtag/spainmunic37303
8,Castilla-La Mancha,19,Guadalajara,19302,19302,Valdegrudas,2022-03-04 04:51:51 CET,https://twitter.com/hashtag/spainmunic19302
10,Comunidad Valenciana,3,Alicante,03055,3055,Catral,2022-03-04 04:52:24 CET,https://twitter.com/hashtag/spainmunic03055
9,Cataluña,25,Lérida,25219,25219,Tarroja De Segarra,2022-03-04 05:33:09 CET,https://twitter.com/hashtag/spainmunic25219
9,Cataluña,43,Tarragona,43167,43167,Vilanova d'Escornalbou,2022-03-04 05:33:38 CET,https://twitter.com/hashtag/spainmunic43167
7,Castilla y León,9,Burgos,09353,9353,Santa María Rivarredonda,2022-03-04 05:34:09 CET,https://twitter.com/hashtag/spainmunic09353
11,Extremadura,10,Cáceres,10106,10106,Jarilla,2022-03-04 05:55:55 CET,https://twitter.com/hashtag/spainmunic10106
11,Extremadura,6,Badajoz,06005,6005,La Albuera,2022-03-04 05:56:24 CET,https://twitter.com/hashtag/spainmunic06005
10,Comunidad Valenciana,46,Valencia,46211,46211,El Real De Gandia,2022-03-04 05:56:54 CET,https://twitter.com/hashtag/spainmunic46211
11,Extremadura,10,Cáceres,10007,10007,Albalá,2022-03-04 06:23:52 CET,https://twitter.com/hashtag/spainmunic10007
7,Castilla y León,47,Valladolid,47086,47086,Medina De Rioseco,2022-03-04 06:24:27 CET,https://twitter.com/hashtag/spainmunic47086
1,Andalucía,4,Almería,04072,4072,Partaloa,2022-03-04 06:25:00 CET,https://twitter.com/hashtag/spainmunic04072
9,Cataluña,17,Gerona,17093,17093,Llers,2022-03-04 06:37:38 CET,https://twitter.com/hashtag/spainmunic17093
2,Aragón,44,Teruel,44230,44230,Torrevelilla,2022-03-04 06:38:10 CET,https://twitter.com/hashtag/spainmunic44230
7,Castilla y León,37,Salamanca,37144,37144,Galisancho,2022-03-04 06:38:41 CET,https://twitter.com/hashtag/spainmunic37144
8,Castilla-La Mancha,13,Ciudad Real,13054,13054,Membrilla,2022-03-04 06:52:48 CET,https://twitter.com/hashtag/spainmunic13054
17,La Rioja,26,La Rioja,26033,26033,Briñas,2022-03-04 06:53:20 CET,https://twitter.com/hashtag/spainmunic26033
8,Castilla-La Mancha,16,Cuenca,16070,16070,Castillejo-Sierra,2022-03-04 06:53:50 CET,https://twitter.com/hashtag/spainmunic16070
7,Castilla y León,47,Valladolid,47155,47155,Santovenia De Pisuerga,2022-03-04 07:29:49 CET,https://twitter.com/hashtag/spainmunic47155
17,La Rioja,26,La Rioja,26167,26167,Villalobar De Rioja,2022-03-04 07:30:19 CET,https://twitter.com/hashtag/spainmunic26167
14,Murcia,30,Murcia,30901,30901,Santomera,2022-03-04 07:30:52 CET,https://twitter.com/hashtag/spainmunic30901
1,Andalucía,41,Sevilla,41058,41058,Mairena Del Alcor,2022-03-04 07:54:28 CET,https://twitter.com/hashtag/spainmunic41058
12,Galicia,27,Lugo,27010,27010,Castro De Rei,2022-03-04 07:54:58 CET,https://twitter.com/hashtag/spainmunic27010
7,Castilla y León,9,Burgos,09058,9058,Buniel,2022-03-04 07:55:27 CET,https://twitter.com/hashtag/spainmunic09058
9,Cataluña,17,Gerona,17117,17117,Palafrugell,2022-03-04 08:26:35 CET,https://twitter.com/hashtag/spainmunic17117
11,Extremadura,6,Badajoz,06139,6139,Valencia De Las Torres,2022-03-04 08:27:16 CET,https://twitter.com/hashtag/spainmunic06139
12,Galicia,36,Pontevedra,36033,36033,Reguengo,2022-03-04 08:28:00 CET,https://twitter.com/hashtag/spainmunic36033
2,Aragón,44,Teruel,44145,44145,Mas De Las Matas,2022-03-04 08:51:20 CET,https://twitter.com/hashtag/spainmunic44145
8,Castilla-La Mancha,45,Toledo,45115,45115,Noblejas,2022-03-04 08:51:51 CET,https://twitter.com/hashtag/spainmunic45115
5,Canarias,38,Santa Cruz de Tenerife,38053,38053,El Pueblo,2022-03-04 08:52:19 CET,https://twitter.com/hashtag/spainmunic38053
13,Madrid,28,Madrid,28018,28018,Becerril De La Sierra,2022-03-04 09:29:10 CET,https://twitter.com/hashtag/spainmunic28018
2,Aragón,22,Huesca,22201,22201,Salas Altas,2022-03-04 09:29:39 CET,https://twitter.com/hashtag/spainmunic22201
7,Castilla y León,5,Ávila,05216,5216,San Martín Del Pimpollar,2022-03-04 09:30:09 CET,https://twitter.com/hashtag/spainmunic05216
12,Galicia,36,Pontevedra,36061,36061,Vilanova De Arousa,2022-03-04 09:51:57 CET,https://twitter.com/hashtag/spainmunic36061
4,Baleares,7,Baleares,07003,7003,Alcúdia,2022-03-04 09:52:50 CET,https://twitter.com/hashtag/spainmunic07003
10,Comunidad Valenciana,3,Alicante,03006,3006,Alcalalí,2022-03-04 09:53:27 CET,https://twitter.com/hashtag/spainmunic03006
7,Castilla y León,49,Zamora,49235,49235,Vezdemarbán,2022-03-04 10:24:24 CET,https://twitter.com/hashtag/spainmunic49235
8,Castilla-La Mancha,19,Guadalajara,19004,19004,Alaminos,2022-03-04 10:24:59 CET,https://twitter.com/hashtag/spainmunic19004
17,La Rioja,26,La Rioja,26120,26120,Quel,2022-03-04 10:25:35 CET,https://twitter.com/hashtag/spainmunic26120
1,Andalucía,11,Cádiz,11012,11012,Cádiz,2022-03-04 10:51:23 CET,https://twitter.com/hashtag/spainmunic11012
7,Castilla y León,24,León,24047,24047,Castrocontrigo,2022-03-04 10:51:54 CET,https://twitter.com/hashtag/spainmunic24047
7,Castilla y León,37,Salamanca,37309,37309,La Sierpe,2022-03-04 10:52:23 CET,https://twitter.com/hashtag/spainmunic37309
7,Castilla y León,49,Zamora,49269,49269,Villaseco Del Pan,2022-03-04 11:51:08 CET,https://twitter.com/hashtag/spainmunic49269
11,Extremadura,6,Badajoz,06045,6045,Entrín Bajo,2022-03-04 11:51:35 CET,https://twitter.com/hashtag/spainmunic06045
12,Galicia,32,Orense,32014,32014,A Bola,2022-03-04 11:52:03 CET,https://twitter.com/hashtag/spainmunic32014
2,Aragón,22,Huesca,22254,22254,Zaidín,2022-03-04 12:21:23 CET,https://twitter.com/hashtag/spainmunic22254
8,Castilla-La Mancha,16,Cuenca,16240,16240,Vellisca,2022-03-04 12:21:57 CET,https://twitter.com/hashtag/spainmunic16240
9,Cataluña,43,Tarragona,43055,43055,Falset,2022-03-04 12:22:30 CET,https://twitter.com/hashtag/spainmunic43055
1,Andalucía,29,Málaga,29057,29057,Genalguacil,2022-03-04 12:33:50 CET,https://twitter.com/hashtag/spainmunic29057
12,Galicia,15,La Coruña,15037,15037,Fisterra,2022-03-04 12:34:22 CET,https://twitter.com/hashtag/spainmunic15037
17,La Rioja,26,La Rioja,26066,26066,Galilea,2022-03-04 12:34:50 CET,https://twitter.com/hashtag/spainmunic26066
7,Castilla y León,40,Segovia,40130,40130,Montejo De La Vega De La Serrezuela,2022-03-04 12:52:34 CET,https://twitter.com/hashtag/spainmunic40130
17,La Rioja,26,La Rioja,26096,26096,Medrano,2022-03-04 12:53:11 CET,https://twitter.com/hashtag/spainmunic26096
7,Castilla y León,40,Segovia,40062,40062,Cubillo,2022-03-04 12:53:55 CET,https://twitter.com/hashtag/spainmunic40062
11,Extremadura,6,Badajoz,06070,6070,Jerez De Los Caballeros,2022-03-04 13:43:13 CET,https://twitter.com/hashtag/spainmunic06070
14,Murcia,30,Murcia,30009,30009,Archena,2022-03-04 13:43:59 CET,https://twitter.com/hashtag/spainmunic30009
8,Castilla-La Mancha,16,Cuenca,16224,16224,Valdemeca,2022-03-04 13:44:34 CET,https://twitter.com/hashtag/spainmunic16224
7,Castilla y León,37,Salamanca,37049,37049,Bermellar,2022-03-04 14:05:56 CET,https://twitter.com/hashtag/spainmunic37049
8,Castilla-La Mancha,16,Cuenca,16022,16022,Arcos De La Sierra,2022-03-04 14:06:38 CET,https://twitter.com/hashtag/spainmunic16022
11,Extremadura,10,Cáceres,10114,10114,Majadas,2022-03-04 14:07:13 CET,https://twitter.com/hashtag/spainmunic10114
8,Castilla-La Mancha,45,Toledo,45093,45093,Marrupe,2022-03-04 14:39:00 CET,https://twitter.com/hashtag/spainmunic45093
2,Aragón,22,Huesca,22024,22024,Alquézar,2022-03-04 14:39:31 CET,https://twitter.com/hashtag/spainmunic22024
9,Cataluña,43,Tarragona,43177,43177,Vinebre,2022-03-04 14:40:00 CET,https://twitter.com/hashtag/spainmunic43177
8,Castilla-La Mancha,13,Ciudad Real,13038,13038,Chillón,2022-03-04 15:22:48 CET,https://twitter.com/hashtag/spainmunic13038
8,Castilla-La Mancha,16,Cuenca,16074,16074,La Cierva,2022-03-04 15:23:14 CET,https://twitter.com/hashtag/spainmunic16074
2,Aragón,44,Teruel,44019,44019,Alobras,2022-03-04 15:23:43 CET,https://twitter.com/hashtag/spainmunic44019
7,Castilla y León,24,León,24187,24187,Valdevimbre,2022-03-04 15:40:14 CET,https://twitter.com/hashtag/spainmunic24187
8,Castilla-La Mancha,45,Toledo,45084,45084,Lillo,2022-03-04 15:41:03 CET,https://twitter.com/hashtag/spainmunic45084
13,Madrid,28,Madrid,28158,28158,Valdemanco,2022-03-04 15:41:38 CET,https://twitter.com/hashtag/spainmunic28158
1,Andalucía,4,Almería,04045,4045,Fiñana,2022-03-04 15:54:44 CET,https://twitter.com/hashtag/spainmunic04045
7,Castilla y León,49,Zamora,49095,49095,La Hiniesta,2022-03-04 15:55:21 CET,https://twitter.com/hashtag/spainmunic49095
1,Andalucía,21,Huelva,21020,21020,Cañaveral De León,2022-03-04 15:55:56 CET,https://twitter.com/hashtag/spainmunic21020
7,Castilla y León,40,Segovia,40132,40132,Moral De Hornuez,2022-03-04 16:30:42 CET,https://twitter.com/hashtag/spainmunic40132
11,Extremadura,6,Badajoz,06066,6066,Higuera De Vargas,2022-03-04 16:31:24 CET,https://twitter.com/hashtag/spainmunic06066
11,Extremadura,6,Badajoz,06902,6902,Pueblonuevo Del Guadiana,2022-03-04 16:32:03 CET,https://twitter.com/hashtag/spainmunic06902
2,Aragón,44,Teruel,44066,44066,Castel De Cabra,2022-03-04 16:51:56 CET,https://twitter.com/hashtag/spainmunic44066
13,Madrid,28,Madrid,28117,28117,Prádena Del Rincón,2022-03-04 16:52:23 CET,https://twitter.com/hashtag/spainmunic28117
7,Castilla y León,34,Palencia,34240,34240,Villerías De Campos,2022-03-04 16:52:48 CET,https://twitter.com/hashtag/spainmunic34240
9,Cataluña,17,Gerona,17202,17202,Tossa De Mar,2022-03-04 17:40:24 CET,https://twitter.com/hashtag/spainmunic17202
1,Andalucía,41,Sevilla,41092,41092,Tocina,2022-03-04 17:41:09 CET,https://twitter.com/hashtag/spainmunic41092
7,Castilla y León,9,Burgos,09363,9363,Sasamón,2022-03-04 17:41:51 CET,https://twitter.com/hashtag/spainmunic09363
1,Andalucía,18,Granada,18066,18066,Deifontes,2022-03-04 18:02:38 CET,https://twitter.com/hashtag/spainmunic18066
7,Castilla y León,24,León,24078,24078,Gordoncillo,2022-03-04 18:03:13 CET,https://twitter.com/hashtag/spainmunic24078
8,Castilla-La Mancha,19,Guadalajara,19185,19185,La Miñosa,2022-03-04 18:03:46 CET,https://twitter.com/hashtag/spainmunic19185
7,Castilla y León,49,Zamora,49041,49041,Castrogonzalo,2022-03-04 18:28:17 CET,https://twitter.com/hashtag/spainmunic49041
7,Castilla y León,47,Valladolid,47065,47065,Fresno El Viejo,2022-03-04 18:28:50 CET,https://twitter.com/hashtag/spainmunic47065
3,Asturias,33,Asturias,33048,33048,Pezós,2022-03-04 18:29:17 CET,https://twitter.com/hashtag/spainmunic33048
7,Castilla y León,42,Soria,42019,42019,Almarza,2022-03-04 18:53:54 CET,https://twitter.com/hashtag/spainmunic42019
9,Cataluña,43,Tarragona,43014,43014,Amposta,2022-03-04 18:54:34 CET,https://twitter.com/hashtag/spainmunic43014
11,Extremadura,10,Cáceres,10141,10141,Peraleda De San Román,2022-03-04 18:55:10 CET,https://twitter.com/hashtag/spainmunic10141
9,Cataluña,17,Gerona,17220,17220,Viladrau,2022-03-04 19:31:19 CET,https://twitter.com/hashtag/spainmunic17220
8,Castilla-La Mancha,19,Guadalajara,19123,19123,Fuentelviejo,2022-03-04 19:31:51 CET,https://twitter.com/hashtag/spainmunic19123
8,Castilla-La Mancha,16,Cuenca,16195,16195,Santa María Del Campo Rus,2022-03-04 19:32:22 CET,https://twitter.com/hashtag/spainmunic16195
10,Comunidad Valenciana,12,Castellón,12011,12011,Almenara,2022-03-04 19:56:30 CET,https://twitter.com/hashtag/spainmunic12011
3,Asturias,33,Asturias,33058,33058,La Vega,2022-03-04 19:57:07 CET,https://twitter.com/hashtag/spainmunic33058
2,Aragón,22,Huesca,22903,22903,Pomar De Cinca,2022-03-04 19:57:41 CET,https://twitter.com/hashtag/spainmunic22903
9,Cataluña,43,Tarragona,43127,43127,Riudecanyes,2022-03-04 20:20:23 CET,https://twitter.com/hashtag/spainmunic43127
1,Andalucía,41,Sevilla,41045,41045,Gerena,2022-03-04 20:20:55 CET,https://twitter.com/hashtag/spainmunic41045
7,Castilla y León,49,Zamora,49061,49061,Entrala,2022-03-04 20:21:24 CET,https://twitter.com/hashtag/spainmunic49061
1,Andalucía,29,Málaga,29080,29080,Pizarra,2022-03-04 20:31:48 CET,https://twitter.com/hashtag/spainmunic29080
1,Andalucía,29,Málaga,29013,29013,Alozaina,2022-03-04 20:32:14 CET,https://twitter.com/hashtag/spainmunic29013
9,Cataluña,25,Lérida,25098,25098,Gavet De La Conca,2022-03-04 20:32:38 CET,https://twitter.com/hashtag/spainmunic25098
8,Castilla-La Mancha,16,Cuenca,16034,16034,Belmontejo,2022-03-04 20:54:33 CET,https://twitter.com/hashtag/spainmunic16034
11,Extremadura,10,Cáceres,10137,10137,Palomero,2022-03-04 20:55:04 CET,https://twitter.com/hashtag/spainmunic10137
1,Andalucía,23,Jaén,23006,23006,Arjona,2022-03-04 20:55:51 CET,https://twitter.com/hashtag/spainmunic23006
7,Castilla y León,34,Palencia,34215,34215,Villalcázar De Sirga,2022-03-04 21:54:56 CET,https://twitter.com/hashtag/spainmunic34215
7,Castilla y León,24,León,24003,24003,Alija Del Infantado,2022-03-04 21:55:33 CET,https://twitter.com/hashtag/spainmunic24003
2,Aragón,22,Huesca,22044,22044,Bailo,2022-03-04 21:56:08 CET,https://twitter.com/hashtag/spainmunic22044
8,Castilla-La Mancha,2,Albacete,02075,2075,Valdeganga,2022-03-04 22:25:57 CET,https://twitter.com/hashtag/spainmunic02075
7,Castilla y León,9,Burgos,09315,9315,Revillarruz,2022-03-04 22:26:30 CET,https://twitter.com/hashtag/spainmunic09315
7,Castilla y León,37,Salamanca,37176,37176,Madroñal,2022-03-04 22:27:07 CET,https://twitter.com/hashtag/spainmunic37176
2,Aragón,44,Teruel,44041,44041,Bezas,2022-03-04 22:36:47 CET,https://twitter.com/hashtag/spainmunic44041
1,Andalucía,29,Málaga,29030,29030,El Borge,2022-03-04 22:37:18 CET,https://twitter.com/hashtag/spainmunic29030
7,Castilla y León,24,León,24095,24095,Mansilla Mayor,2022-03-04 22:37:54 CET,https://twitter.com/hashtag/spainmunic24095
1,Andalucía,21,Huelva,21039,21039,Hinojales,2022-03-04 22:54:26 CET,https://twitter.com/hashtag/spainmunic21039
7,Castilla y León,34,Palencia,34069,34069,Dueñas,2022-03-04 22:55:01 CET,https://twitter.com/hashtag/spainmunic34069
9,Cataluña,17,Gerona,17015,17015,Banyoles,2022-03-04 22:55:42 CET,https://twitter.com/hashtag/spainmunic17015
2,Aragón,50,Zaragoza,50070,50070,Calmarza,2022-03-04 23:23:45 CET,https://twitter.com/hashtag/spainmunic50070
8,Castilla-La Mancha,19,Guadalajara,19171,19171,Marchamalo,2022-03-04 23:24:20 CET,https://twitter.com/hashtag/spainmunic19171
7,Castilla y León,37,Salamanca,37234,37234,El Payo,2022-03-04 23:24:51 CET,https://twitter.com/hashtag/spainmunic37234
10,Comunidad Valenciana,3,Alicante,03097,3097,Orba,2022-03-04 23:33:48 CET,https://twitter.com/hashtag/spainmunic03097
10,Comunidad Valenciana,46,Valencia,46119,46119,l'Ènova,2022-03-04 23:34:19 CET,https://twitter.com/hashtag/spainmunic46119
5,Canarias,38,Santa Cruz de Tenerife,38015,38015,Garachico,2022-03-04 23:34:48 CET,https://twitter.com/hashtag/spainmunic38015
7,Castilla y León,47,Valladolid,47117,47117,Piña De Esgueva,2022-03-04 23:51:25 CET,https://twitter.com/hashtag/spainmunic47117
8,Castilla-La Mancha,16,Cuenca,16039,16039,Buenache De Alarcón,2022-03-04 23:52:00 CET,https://twitter.com/hashtag/spainmunic16039
3,Asturias,33,Asturias,33052,33052,Proaza,2022-03-04 23:52:29 CET,https://twitter.com/hashtag/spainmunic33052
7,Castilla y León,34,Palencia,34208,34208,Villaeles De Valdavia,2022-03-05 00:24:28 CET,https://twitter.com/hashtag/spainmunic34208
9,Cataluña,25,Lérida,25906,25906,Noves De Segre,2022-03-05 00:24:58 CET,https://twitter.com/hashtag/spainmunic25906
1,Andalucía,41,Sevilla,41027,41027,Castilblanco De Los Arroyos,2022-03-05 00:25:35 CET,https://twitter.com/hashtag/spainmunic41027
1,Andalucía,41,Sevilla,41031,41031,El Castillo De Las Guardas,2022-03-05 02:30:20 CET,https://twitter.com/hashtag/spainmunic41031
7,Castilla y León,34,Palencia,34019,34019,Autillo De Campos,2022-03-05 02:31:13 CET,https://twitter.com/hashtag/spainmunic34019
7,Castilla y León,9,Burgos,09201,9201,Mamolar,2022-03-05 02:31:45 CET,https://twitter.com/hashtag/spainmunic09201
4,Baleares,7,Baleares,07032,7032,Maó-Mahón,2022-03-05 03:29:55 CET,https://twitter.com/hashtag/spainmunic07032
9,Cataluña,43,Tarragona,43115,43115,Pradell De La Teixeta,2022-03-05 03:30:24 CET,https://twitter.com/hashtag/spainmunic43115
9,Cataluña,8,Barcelona,08022,8022,Berga,2022-03-05 03:30:59 CET,https://twitter.com/hashtag/spainmunic08022
7,Castilla y León,5,Ávila,05184,5184,Peguerinos,2022-03-05 04:26:18 CET,https://twitter.com/hashtag/spainmunic05184
8,Castilla-La Mancha,45,Toledo,45050,45050,Ciruelos,2022-03-05 04:26:47 CET,https://twitter.com/hashtag/spainmunic45050
11,Extremadura,10,Cáceres,10151,10151,Portezuelo,2022-03-05 04:27:16 CET,https://twitter.com/hashtag/spainmunic10151
7,Castilla y León,37,Salamanca,37173,37173,Lumbrales,2022-03-05 04:51:20 CET,https://twitter.com/hashtag/spainmunic37173
11,Extremadura,10,Cáceres,10155,10155,Riolobos,2022-03-05 04:51:53 CET,https://twitter.com/hashtag/spainmunic10155
8,Castilla-La Mancha,13,Ciudad Real,13006,13006,Alcoba,2022-03-05 04:52:22 CET,https://twitter.com/hashtag/spainmunic13006
7,Castilla y León,47,Valladolid,47170,47170,Torre De Peñafiel,2022-03-05 05:31:10 CET,https://twitter.com/hashtag/spainmunic47170
9,Cataluña,43,Tarragona,43150,43150,Tivissa,2022-03-05 05:31:40 CET,https://twitter.com/hashtag/spainmunic43150
9,Cataluña,43,Tarragona,43031,43031,Les Borges Del Camp,2022-03-05 05:32:07 CET,https://twitter.com/hashtag/spainmunic43031
11,Extremadura,10,Cáceres,10065,10065,Collado De La Vera,2022-03-05 05:55:32 CET,https://twitter.com/hashtag/spainmunic10065
9,Cataluña,43,Tarragona,43091,43091,Mont-Ral,2022-03-05 05:56:00 CET,https://twitter.com/hashtag/spainmunic43091
11,Extremadura,10,Cáceres,10111,10111,Madrigal De La Vera,2022-03-05 05:56:29 CET,https://twitter.com/hashtag/spainmunic10111
8,Castilla-La Mancha,45,Toledo,45204,45204,Yunclillos,2022-03-05 06:21:11 CET,https://twitter.com/hashtag/spainmunic45204
7,Castilla y León,49,Zamora,49034,49034,Cañizal,2022-03-05 06:21:39 CET,https://twitter.com/hashtag/spainmunic49034
9,Cataluña,8,Barcelona,08143,8143,Òdena,2022-03-05 06:22:06 CET,https://twitter.com/hashtag/spainmunic08143
2,Aragón,22,Huesca,22175,22175,Peralta De La Sal,2022-03-05 06:34:03 CET,https://twitter.com/hashtag/spainmunic22175
7,Castilla y León,47,Valladolid,47019,47019,Berrueces,2022-03-05 06:34:30 CET,https://twitter.com/hashtag/spainmunic47019
9,Cataluña,8,Barcelona,08304,8304,Vilobí Del Penedès,2022-03-05 06:34:56 CET,https://twitter.com/hashtag/spainmunic08304
7,Castilla y León,5,Ávila,05041,5041,Burgohondo,2022-03-05 06:50:57 CET,https://twitter.com/hashtag/spainmunic05041
9,Cataluña,8,Barcelona,08119,8119,Masquefa,2022-03-05 06:51:27 CET,https://twitter.com/hashtag/spainmunic08119
6,Cantabria,39,Cantabria,39059,39059,Reinosa,2022-03-05 06:51:52 CET,https://twitter.com/hashtag/spainmunic39059
7,Castilla y León,42,Soria,42131,42131,Nolay,2022-03-05 07:33:08 CET,https://twitter.com/hashtag/spainmunic42131
12,Galicia,15,La Coruña,15085,15085,Fonte Díaz,2022-03-05 07:33:46 CET,https://twitter.com/hashtag/spainmunic15085
7,Castilla y León,24,León,24050,24050,Castrotierra De Valmadrigal,2022-03-05 07:34:20 CET,https://twitter.com/hashtag/spainmunic24050
11,Extremadura,10,Cáceres,10054,10054,Casas Del Castañar,2022-03-05 07:52:59 CET,https://twitter.com/hashtag/spainmunic10054
12,Galicia,32,Orense,32045,32045,Maside,2022-03-05 07:53:26 CET,https://twitter.com/hashtag/spainmunic32045
7,Castilla y León,49,Zamora,49092,49092,Granucillo,2022-03-05 07:53:52 CET,https://twitter.com/hashtag/spainmunic49092
9,Cataluña,8,Barcelona,08300,8300,Viladecavalls,2022-03-05 08:23:21 CET,https://twitter.com/hashtag/spainmunic08300
9,Cataluña,25,Lérida,25137,25137,Mollerussa,2022-03-05 08:24:02 CET,https://twitter.com/hashtag/spainmunic25137
1,Andalucía,23,Jaén,23035,23035,Fuerte Del Rey,2022-03-05 08:24:35 CET,https://twitter.com/hashtag/spainmunic23035
7,Castilla y León,47,Valladolid,47177,47177,Urones De Castroponce,2022-03-05 08:35:47 CET,https://twitter.com/hashtag/spainmunic47177
7,Castilla y León,5,Ávila,05235,5235,Sinlabajos,2022-03-05 08:36:19 CET,https://twitter.com/hashtag/spainmunic05235
8,Castilla-La Mancha,16,Cuenca,16165,16165,Poyatos,2022-03-05 08:36:50 CET,https://twitter.com/hashtag/spainmunic16165
7,Castilla y León,9,Burgos,09366,9366,Solarana,2022-03-05 08:51:25 CET,https://twitter.com/hashtag/spainmunic09366
2,Aragón,50,Zaragoza,50123,50123,Grisén,2022-03-05 08:51:58 CET,https://twitter.com/hashtag/spainmunic50123
7,Castilla y León,24,León,24197,24197,Vega De Infanzones,2022-03-05 08:52:31 CET,https://twitter.com/hashtag/spainmunic24197
7,Castilla y León,24,León,24139,24139,Sahagún,2022-03-05 09:31:28 CET,https://twitter.com/hashtag/spainmunic24139
11,Extremadura,6,Badajoz,06021,6021,Bodonal De La Sierra,2022-03-05 09:32:06 CET,https://twitter.com/hashtag/spainmunic06021
7,Castilla y León,5,Ávila,05214,5214,San Lorenzo De Tormes,2022-03-05 09:32:42 CET,https://twitter.com/hashtag/spainmunic05214
10,Comunidad Valenciana,12,Castellón,12050,12050,Les Coves De Vinromà,2022-03-05 09:51:25 CET,https://twitter.com/hashtag/spainmunic12050
12,Galicia,15,La Coruña,15069,15069,Pontedeume,2022-03-05 09:51:53 CET,https://twitter.com/hashtag/spainmunic15069
1,Andalucía,29,Málaga,29083,29083,Riogordo,2022-03-05 09:52:19 CET,https://twitter.com/hashtag/spainmunic29083
9,Cataluña,25,Lérida,25244,25244,Vilagrassa,2022-03-05 10:23:06 CET,https://twitter.com/hashtag/spainmunic25244
10,Comunidad Valenciana,46,Valencia,46171,46171,Moncada,2022-03-05 10:23:45 CET,https://twitter.com/hashtag/spainmunic46171
7,Castilla y León,9,Burgos,09902,9902,Santibáñez Zarzaguda,2022-03-05 10:24:18 CET,https://twitter.com/hashtag/spainmunic09902
6,Cantabria,39,Cantabria,39021,39021,Villayuso,2022-03-05 10:52:22 CET,https://twitter.com/hashtag/spainmunic39021
7,Castilla y León,5,Ávila,05116,5116,Malpartida De Corneja,2022-03-05 10:52:55 CET,https://twitter.com/hashtag/spainmunic05116
13,Madrid,28,Madrid,28181,28181,Villaviciosa De Odón,2022-03-05 10:53:33 CET,https://twitter.com/hashtag/spainmunic28181
7,Castilla y León,5,Ávila,05164,5164,Navaquesera,2022-03-05 11:26:03 CET,https://twitter.com/hashtag/spainmunic05164
7,Castilla y León,40,Segovia,40026,40026,Basardilla,2022-03-05 11:26:31 CET,https://twitter.com/hashtag/spainmunic40026
7,Castilla y León,49,Zamora,49068,49068,Ferreruela De Tábara,2022-03-05 11:26:59 CET,https://twitter.com/hashtag/spainmunic49068
7,Castilla y León,42,Soria,42123,42123,Morón De Almazán,2022-03-05 12:22:07 CET,https://twitter.com/hashtag/spainmunic42123
5,Canarias,35,Las Palmas,35008,35008,Firgas,2022-03-05 12:22:33 CET,https://twitter.com/hashtag/spainmunic35008
7,Castilla y León,24,León,24018,24018,Bercianos Del Real Camino,2022-03-05 12:22:58 CET,https://twitter.com/hashtag/spainmunic24018
9,Cataluña,17,Gerona,17023,17023,Blanes,2022-03-05 12:36:17 CET,https://twitter.com/hashtag/spainmunic17023
7,Castilla y León,37,Salamanca,37365,37365,Villarmayor,2022-03-05 12:36:44 CET,https://twitter.com/hashtag/spainmunic37365
1,Andalucía,21,Huelva,21022,21022,Castaño Del Robledo,2022-03-05 12:37:10 CET,https://twitter.com/hashtag/spainmunic21022
1,Andalucía,41,Sevilla,41093,41093,Tomares,2022-03-05 12:51:45 CET,https://twitter.com/hashtag/spainmunic41093
7,Castilla y León,37,Salamanca,37051,37051,Berrocal De Salvatierra,2022-03-05 12:52:26 CET,https://twitter.com/hashtag/spainmunic37051
2,Aragón,50,Zaragoza,50255,50255,Tobed,2022-03-05 12:52:59 CET,https://twitter.com/hashtag/spainmunic50255
1,Andalucía,18,Granada,18088,18088,Guadahortuna,2022-03-05 13:37:41 CET,https://twitter.com/hashtag/spainmunic18088
7,Castilla y León,5,Ávila,05023,5023,Barromán,2022-03-05 13:38:15 CET,https://twitter.com/hashtag/spainmunic05023
7,Castilla y León,5,Ávila,05232,5232,La Serrada,2022-03-05 13:38:45 CET,https://twitter.com/hashtag/spainmunic05232
10,Comunidad Valenciana,3,Alicante,03015,3015,Almoradí,2022-03-05 13:54:56 CET,https://twitter.com/hashtag/spainmunic03015
7,Castilla y León,24,León,24084,24084,Izagre,2022-03-05 13:55:26 CET,https://twitter.com/hashtag/spainmunic24084
7,Castilla y León,47,Valladolid,47208,47208,Villagómez La Nueva,2022-03-05 13:55:57 CET,https://twitter.com/hashtag/spainmunic47208
11,Extremadura,6,Badajoz,06035,6035,Castilblanco,2022-03-05 14:02:44 CET,https://twitter.com/hashtag/spainmunic06035
9,Cataluña,8,Barcelona,08008,8008,Argençola,2022-03-05 14:03:10 CET,https://twitter.com/hashtag/spainmunic08008
2,Aragón,22,Huesca,22181,22181,Piracés,2022-03-05 14:03:36 CET,https://twitter.com/hashtag/spainmunic22181
1,Andalucía,14,Córdoba,14015,14015,Carcabuey,2022-03-05 14:28:39 CET,https://twitter.com/hashtag/spainmunic14015
10,Comunidad Valenciana,3,Alicante,03095,3095,Ondara,2022-03-05 14:29:13 CET,https://twitter.com/hashtag/spainmunic03095
11,Extremadura,6,Badajoz,06060,6060,Guareña,2022-03-05 14:29:46 CET,https://twitter.com/hashtag/spainmunic06060
9,Cataluña,8,Barcelona,08298,8298,Vic,2022-03-05 14:51:05 CET,https://twitter.com/hashtag/spainmunic08298
7,Castilla y León,5,Ávila,05100,5100,El Hornillo,2022-03-05 14:51:31 CET,https://twitter.com/hashtag/spainmunic05100
7,Castilla y León,42,Soria,42139,42139,Pinilla Del Campo,2022-03-05 14:51:56 CET,https://twitter.com/hashtag/spainmunic42139
7,Castilla y León,37,Salamanca,37041,37041,Barbalos,2022-03-05 15:23:03 CET,https://twitter.com/hashtag/spainmunic37041
2,Aragón,50,Zaragoza,50235,50235,San Mateo De Gállego,2022-03-05 15:23:36 CET,https://twitter.com/hashtag/spainmunic50235
7,Castilla y León,40,Segovia,40185,40185,Santa María La Real De Nieva,2022-03-05 15:24:10 CET,https://twitter.com/hashtag/spainmunic40185
7,Castilla y León,40,Segovia,40058,40058,Codorniz,2022-03-05 15:36:31 CET,https://twitter.com/hashtag/spainmunic40058
1,Andalucía,21,Huelva,21001,21001,Alájar,2022-03-05 15:37:01 CET,https://twitter.com/hashtag/spainmunic21001
7,Castilla y León,9,Burgos,09166,9166,La Parte,2022-03-05 15:37:35 CET,https://twitter.com/hashtag/spainmunic09166
7,Castilla y León,34,Palencia,34060,34060,Cobos De Cerrato,2022-03-05 15:55:01 CET,https://twitter.com/hashtag/spainmunic34060
6,Cantabria,39,Cantabria,39080,39080,San Vicente De La Barquera,2022-03-05 15:55:38 CET,https://twitter.com/hashtag/spainmunic39080
7,Castilla y León,42,Soria,42163,42163,San Felices,2022-03-05 15:56:12 CET,https://twitter.com/hashtag/spainmunic42163
1,Andalucía,41,Sevilla,41035,41035,Coripe,2022-03-05 16:25:23 CET,https://twitter.com/hashtag/spainmunic41035
9,Cataluña,8,Barcelona,08279,8279,Terrassa,2022-03-05 16:26:35 CET,https://twitter.com/hashtag/spainmunic08279
10,Comunidad Valenciana,12,Castellón,12097,12097,Sacañet,2022-03-05 16:27:06 CET,https://twitter.com/hashtag/spainmunic12097
11,Extremadura,10,Cáceres,10097,10097,Higuera,2022-03-05 16:50:58 CET,https://twitter.com/hashtag/spainmunic10097
7,Castilla y León,40,Segovia,40145,40145,Navas De Oro,2022-03-05 16:51:26 CET,https://twitter.com/hashtag/spainmunic40145
2,Aragón,50,Zaragoza,50178,50178,Moros,2022-03-05 16:51:54 CET,https://twitter.com/hashtag/spainmunic50178
7,Castilla y León,47,Valladolid,47200,47200,Villaco,2022-03-05 17:33:06 CET,https://twitter.com/hashtag/spainmunic47200
7,Castilla y León,5,Ávila,05093,5093,El Herradón,2022-03-05 17:33:33 CET,https://twitter.com/hashtag/spainmunic05093
9,Cataluña,25,Lérida,25173,25173,El Pont De Suert,2022-03-05 17:33:58 CET,https://twitter.com/hashtag/spainmunic25173
9,Cataluña,25,Lérida,25112,25112,Ivars De Noguera,2022-03-05 17:59:41 CET,https://twitter.com/hashtag/spainmunic25112
7,Castilla y León,24,León,24229,24229,Villazanzo De Valderaduey,2022-03-05 18:00:11 CET,https://twitter.com/hashtag/spainmunic24229
7,Castilla y León,5,Ávila,05016,5016,Arévalo,2022-03-05 18:00:42 CET,https://twitter.com/hashtag/spainmunic05016
8,Castilla-La Mancha,16,Cuenca,16078,16078,Cuenca,2022-03-05 18:24:36 CET,https://twitter.com/hashtag/spainmunic16078
2,Aragón,50,Zaragoza,50204,50204,Pedrola,2022-03-05 18:25:13 CET,https://twitter.com/hashtag/spainmunic50204
7,Castilla y León,5,Ávila,05048,5048,Cantiveros,2022-03-05 18:25:48 CET,https://twitter.com/hashtag/spainmunic05048
9,Cataluña,43,Tarragona,43010,43010,Alió,2022-03-05 18:37:04 CET,https://twitter.com/hashtag/spainmunic43010
7,Castilla y León,5,Ávila,05034,5034,Blasconuño De Matacabras,2022-03-05 18:37:30 CET,https://twitter.com/hashtag/spainmunic05034
1,Andalucía,41,Sevilla,41036,41036,El Coronil,2022-03-05 18:37:58 CET,https://twitter.com/hashtag/spainmunic41036
7,Castilla y León,34,Palencia,34035,34035,Boadilla De Rioseco,2022-03-05 18:55:16 CET,https://twitter.com/hashtag/spainmunic34035
7,Castilla y León,5,Ávila,05135,5135,Muñana,2022-03-05 18:55:55 CET,https://twitter.com/hashtag/spainmunic05135
9,Cataluña,8,Barcelona,08126,8126,Montgat,2022-03-05 18:56:34 CET,https://twitter.com/hashtag/spainmunic08126
8,Castilla-La Mancha,45,Toledo,45141,45141,Quero,2022-03-05 19:28:27 CET,https://twitter.com/hashtag/spainmunic45141
9,Cataluña,43,Tarragona,43027,43027,La Bisbal De Falset,2022-03-05 19:28:59 CET,https://twitter.com/hashtag/spainmunic43027
7,Castilla y León,5,Ávila,05064,5064,Constanzana,2022-03-05 19:29:32 CET,https://twitter.com/hashtag/spainmunic05064
8,Castilla-La Mancha,16,Cuenca,16016,16016,Almendros,2022-03-05 19:52:02 CET,https://twitter.com/hashtag/spainmunic16016
7,Castilla y León,34,Palencia,34167,34167,Santa Cecilia Del Alcor,2022-03-05 19:52:32 CET,https://twitter.com/hashtag/spainmunic34167
7,Castilla y León,24,León,24172,24172,Truchas,2022-03-05 19:53:06 CET,https://twitter.com/hashtag/spainmunic24172
9,Cataluña,8,Barcelona,08040,8040,Canet De Mar,2022-03-05 20:20:12 CET,https://twitter.com/hashtag/spainmunic08040
11,Extremadura,10,Cáceres,10125,10125,Monroy,2022-03-05 20:20:43 CET,https://twitter.com/hashtag/spainmunic10125
7,Castilla y León,42,Soria,42062,42062,Cigudosa,2022-03-05 20:21:16 CET,https://twitter.com/hashtag/spainmunic42062
1,Andalucía,23,Jaén,23061,23061,Mengíbar,2022-03-05 20:33:56 CET,https://twitter.com/hashtag/spainmunic23061
12,Galicia,32,Orense,32018,32018,Carballeda De Avia,2022-03-05 20:34:30 CET,https://twitter.com/hashtag/spainmunic32018
12,Galicia,15,La Coruña,15062,15062,A Serra De Outes,2022-03-05 20:35:08 CET,https://twitter.com/hashtag/spainmunic15062
17,La Rioja,26,La Rioja,26173,26173,Villarroya,2022-03-05 20:52:27 CET,https://twitter.com/hashtag/spainmunic26173
9,Cataluña,25,Lérida,25234,25234,Tremp,2022-03-05 20:53:03 CET,https://twitter.com/hashtag/spainmunic25234
1,Andalucía,23,Jaén,23097,23097,Villanueva Del Arzobispo,2022-03-05 20:53:40 CET,https://twitter.com/hashtag/spainmunic23097
7,Castilla y León,49,Zamora,49019,49019,Barcial Del Barco,2022-03-05 21:24:08 CET,https://twitter.com/hashtag/spainmunic49019
10,Comunidad Valenciana,46,Valencia,46177,46177,Museros,2022-03-05 21:24:35 CET,https://twitter.com/hashtag/spainmunic46177
8,Castilla-La Mancha,13,Ciudad Real,13016,13016,Almuradiel,2022-03-05 21:25:00 CET,https://twitter.com/hashtag/spainmunic13016
3,Asturias,33,Asturias,33031,33031,Llangréu,2022-03-05 21:54:39 CET,https://twitter.com/hashtag/spainmunic33031
9,Cataluña,8,Barcelona,08209,8209,Sant Fost De Campsentelles,2022-03-05 21:55:26 CET,https://twitter.com/hashtag/spainmunic08209
7,Castilla y León,49,Zamora,49085,49085,Galende,2022-03-05 21:55:59 CET,https://twitter.com/hashtag/spainmunic49085
7,Castilla y León,49,Zamora,49263,49263,Villar De Fallaves,2022-03-05 22:22:07 CET,https://twitter.com/hashtag/spainmunic49263
9,Cataluña,8,Barcelona,08245,8245,Santa Coloma De Gramenet,2022-03-05 22:22:54 CET,https://twitter.com/hashtag/spainmunic08245
7,Castilla y León,40,Segovia,40053,40053,Cerezo De Abajo,2022-03-05 22:23:27 CET,https://twitter.com/hashtag/spainmunic40053
2,Aragón,50,Zaragoza,50022,50022,La Almolda,2022-03-05 22:34:07 CET,https://twitter.com/hashtag/spainmunic50022
8,Castilla-La Mancha,45,Toledo,45187,45187,Villafranca De Los Caballeros,2022-03-05 22:34:41 CET,https://twitter.com/hashtag/spainmunic45187
1,Andalucía,4,Almería,04048,4048,Los Gallardos,2022-03-05 22:35:11 CET,https://twitter.com/hashtag/spainmunic04048
9,Cataluña,8,Barcelona,08010,8010,Artés,2022-03-05 22:51:12 CET,https://twitter.com/hashtag/spainmunic08010
7,Castilla y León,47,Valladolid,47109,47109,Palazuelo De Vedija,2022-03-05 22:51:41 CET,https://twitter.com/hashtag/spainmunic47109
7,Castilla y León,37,Salamanca,37143,37143,Galinduste,2022-03-05 22:52:10 CET,https://twitter.com/hashtag/spainmunic37143
9,Cataluña,8,Barcelona,08284,8284,Tordera,2022-03-05 23:24:05 CET,https://twitter.com/hashtag/spainmunic08284
9,Cataluña,17,Gerona,17208,17208,L'Hostalnou De Bianya,2022-03-05 23:24:34 CET,https://twitter.com/hashtag/spainmunic17208
7,Castilla y León,34,Palencia,34018,34018,Autilla Del Pino,2022-03-05 23:25:03 CET,https://twitter.com/hashtag/spainmunic34018
10,Comunidad Valenciana,12,Castellón,12022,12022,Bejís,2022-03-05 23:50:57 CET,https://twitter.com/hashtag/spainmunic12022
10,Comunidad Valenciana,12,Castellón,12018,12018,Azuébar,2022-03-05 23:51:22 CET,https://twitter.com/hashtag/spainmunic12018
1,Andalucía,29,Málaga,29005,29005,Algarrobo,2022-03-05 23:51:49 CET,https://twitter.com/hashtag/spainmunic29005
1,Andalucía,18,Granada,18087,18087,Granada,2022-03-06 00:23:43 CET,https://twitter.com/hashtag/spainmunic18087
8,Castilla-La Mancha,16,Cuenca,16027,16027,Barajas De Melo,2022-03-06 00:24:12 CET,https://twitter.com/hashtag/spainmunic16027
2,Aragón,22,Huesca,22019,22019,Alerre,2022-03-06 00:24:40 CET,https://twitter.com/hashtag/spainmunic22019
1,Andalucía,41,Sevilla,41011,41011,Arahal,2022-03-06 00:37:57 CET,https://twitter.com/hashtag/spainmunic41011
8,Castilla-La Mancha,19,Guadalajara,19230,19230,Quer,2022-03-06 00:38:26 CET,https://twitter.com/hashtag/spainmunic19230
13,Madrid,28,Madrid,28110,28110,Perales De Tajuña,2022-03-06 00:38:57 CET,https://twitter.com/hashtag/spainmunic28110
2,Aragón,22,Huesca,22059,22059,Biescas,2022-03-06 02:27:15 CET,https://twitter.com/hashtag/spainmunic22059
12,Galicia,15,La Coruña,15901,15901,Cariño,2022-03-06 02:27:47 CET,https://twitter.com/hashtag/spainmunic15901
9,Cataluña,17,Gerona,17043,17043,Queralbs,2022-03-06 02:28:15 CET,https://twitter.com/hashtag/spainmunic17043
8,Castilla-La Mancha,19,Guadalajara,19039,19039,Argecilla,2022-03-06 03:31:15 CET,https://twitter.com/hashtag/spainmunic19039
9,Cataluña,25,Lérida,25077,25077,Coll De Nargó,2022-03-06 03:32:01 CET,https://twitter.com/hashtag/spainmunic25077
2,Aragón,44,Teruel,44054,44054,Camarena De La Sierra,2022-03-06 03:32:39 CET,https://twitter.com/hashtag/spainmunic44054
14,Murcia,30,Murcia,30012,30012,Bullas,2022-03-06 03:58:49 CET,https://twitter.com/hashtag/spainmunic30012
7,Castilla y León,9,Burgos,09361,9361,Sargentes De La Lora,2022-03-06 03:59:25 CET,https://twitter.com/hashtag/spainmunic09361
7,Castilla y León,34,Palencia,34127,34127,Perales,2022-03-06 04:00:00 CET,https://twitter.com/hashtag/spainmunic34127
7,Castilla y León,42,Soria,42207,42207,Villar Del Ala,2022-03-06 04:26:36 CET,https://twitter.com/hashtag/spainmunic42207
7,Castilla y León,42,Soria,42134,42134,Ólvega,2022-03-06 04:27:07 CET,https://twitter.com/hashtag/spainmunic42134
1,Andalucía,18,Granada,18013,18013,Alhama De Granada,2022-03-06 04:27:45 CET,https://twitter.com/hashtag/spainmunic18013
12,Galicia,15,La Coruña,15054,15054,Narón,2022-03-06 05:31:21 CET,https://twitter.com/hashtag/spainmunic15054
9,Cataluña,17,Gerona,17228,17228,Vilanant,2022-03-06 05:31:49 CET,https://twitter.com/hashtag/spainmunic17228
11,Extremadura,10,Cáceres,10130,10130,Navaconcejo,2022-03-06 05:32:20 CET,https://twitter.com/hashtag/spainmunic10130
7,Castilla y León,42,Soria,42154,42154,Renieblas,2022-03-06 05:55:59 CET,https://twitter.com/hashtag/spainmunic42154
10,Comunidad Valenciana,46,Valencia,46219,46219,Rugat,2022-03-06 05:56:34 CET,https://twitter.com/hashtag/spainmunic46219
1,Andalucía,29,Málaga,29088,29088,Sierra De Yeguas,2022-03-06 05:57:11 CET,https://twitter.com/hashtag/spainmunic29088
9,Cataluña,8,Barcelona,08133,8133,Montmaneu,2022-03-06 06:22:35 CET,https://twitter.com/hashtag/spainmunic08133
7,Castilla y León,34,Palencia,34181,34181,Tariego De Cerrato,2022-03-06 06:23:05 CET,https://twitter.com/hashtag/spainmunic34181
7,Castilla y León,47,Valladolid,47077,47077,Langayo,2022-03-06 06:23:33 CET,https://twitter.com/hashtag/spainmunic47077
9,Cataluña,43,Tarragona,43074,43074,Llorenç Del Penedès,2022-03-06 06:34:50 CET,https://twitter.com/hashtag/spainmunic43074
9,Cataluña,17,Gerona,17004,17004,Albons,2022-03-06 06:35:23 CET,https://twitter.com/hashtag/spainmunic17004
9,Cataluña,17,Gerona,17128,17128,Pau,2022-03-06 06:35:54 CET,https://twitter.com/hashtag/spainmunic17128
1,Andalucía,21,Huelva,21053,21053,Niebla,2022-03-06 06:51:08 CET,https://twitter.com/hashtag/spainmunic21053
2,Aragón,22,Huesca,22234,22234,Torrente De Cinca,2022-03-06 06:51:35 CET,https://twitter.com/hashtag/spainmunic22234
17,La Rioja,26,La Rioja,26078,26078,Hornos De Moncalvillo,2022-03-06 06:52:00 CET,https://twitter.com/hashtag/spainmunic26078
7,Castilla y León,24,León,24005,24005,La Antigua,2022-03-06 07:29:27 CET,https://twitter.com/hashtag/spainmunic24005
7,Castilla y León,24,León,24215,24215,Villamol,2022-03-06 07:29:56 CET,https://twitter.com/hashtag/spainmunic24215
2,Aragón,22,Huesca,22227,22227,Lafortunada,2022-03-06 07:30:26 CET,https://twitter.com/hashtag/spainmunic22227
12,Galicia,36,Pontevedra,36060,36060,Vilagarcía,2022-03-06 07:52:57 CET,https://twitter.com/hashtag/spainmunic36060
9,Cataluña,25,Lérida,25191,25191,Sanaüja,2022-03-06 07:53:23 CET,https://twitter.com/hashtag/spainmunic25191
7,Castilla y León,9,Burgos,09152,9152,Gumiel De Mercado,2022-03-06 07:53:51 CET,https://twitter.com/hashtag/spainmunic09152
1,Andalucía,14,Córdoba,14017,14017,La Carlota,2022-03-06 08:22:02 CET,https://twitter.com/hashtag/spainmunic14017
7,Castilla y León,9,Burgos,09192,9192,San Zadornil,2022-03-06 08:22:28 CET,https://twitter.com/hashtag/spainmunic09192
7,Castilla y León,5,Ávila,05200,5200,San Bartolomé De Corneja,2022-03-06 08:22:53 CET,https://twitter.com/hashtag/spainmunic05200
2,Aragón,50,Zaragoza,50107,50107,Figueruelas,2022-03-06 08:35:21 CET,https://twitter.com/hashtag/spainmunic50107
7,Castilla y León,24,León,24068,24068,La Ercina,2022-03-06 08:35:53 CET,https://twitter.com/hashtag/spainmunic24068
1,Andalucía,14,Córdoba,14044,14044,Monturque,2022-03-06 08:36:24 CET,https://twitter.com/hashtag/spainmunic14044
2,Aragón,22,Huesca,22182,22182,Plan,2022-03-06 09:28:13 CET,https://twitter.com/hashtag/spainmunic22182
1,Andalucía,11,Cádiz,11022,11022,La Línea De La Concepción,2022-03-06 09:29:00 CET,https://twitter.com/hashtag/spainmunic11022
2,Aragón,22,Huesca,22248,22248,Vicién,2022-03-06 09:29:27 CET,https://twitter.com/hashtag/spainmunic22248
9,Cataluña,43,Tarragona,43065,43065,Garcia,2022-03-06 09:51:19 CET,https://twitter.com/hashtag/spainmunic43065
8,Castilla-La Mancha,13,Ciudad Real,13028,13028,Campo De Criptana,2022-03-06 09:51:58 CET,https://twitter.com/hashtag/spainmunic13028
9,Cataluña,25,Lérida,25217,25217,Tàrrega,2022-03-06 09:52:34 CET,https://twitter.com/hashtag/spainmunic25217
8,Castilla-La Mancha,16,Cuenca,16217,16217,Tribaldos,2022-03-06 10:22:50 CET,https://twitter.com/hashtag/spainmunic16217
9,Cataluña,17,Gerona,17155,17155,Salt,2022-03-06 10:23:25 CET,https://twitter.com/hashtag/spainmunic17155
7,Castilla y León,37,Salamanca,37213,37213,Nava De Béjar,2022-03-06 10:23:59 CET,https://twitter.com/hashtag/spainmunic37213
9,Cataluña,8,Barcelona,08026,8026,El Brull,2022-03-06 10:36:47 CET,https://twitter.com/hashtag/spainmunic08026
7,Castilla y León,9,Burgos,09131,9131,Fresnillo De Las Dueñas,2022-03-06 10:37:17 CET,https://twitter.com/hashtag/spainmunic09131
3,Asturias,33,Asturias,33065,33065,Vega,2022-03-06 10:37:44 CET,https://twitter.com/hashtag/spainmunic33065
